"diplomat_id","person_id","dob","family_name","name","patronymic"
11,836981,"12.05.1957",Аскальдович,Геннадий,Иосифович
23,1721792,"07.12.1973",Бердыев,Марат,Владимирович
34,1722291,"01.05.1963",Бурмистров,Олег,Николаевич
121,1721869,"01.03.1972",Лукьянцев,Григорий,Евгеньевич
150,841284,"14.12.1962",Петров,Сергей,Владимирович
155,839683,"16.10.1967",Полищук,Алексей,Анатольевич
178,1722072,"24.12.1968",Студенников,Артем,Игоревич
197,842609,"22.09.1956",Хорев,Михаил,Владимирович
208,1722080,"16.09.1957",Юрков,Анатолий,Леонидович
211,834410,"05.02.1975",Балакин,Дмитрий,Александрович
212,1722300,"10.06.1966",Баранов,Максим,Анатольевич
217,1721799,"04.01.1958",Броварец,Андрей,Петрович
218,843705,"15.09.1963",Буачидзе,Гоча,Леванович
219,1722302,"02.08.1975",Булатов,Артем,Юрьевич
220,1721800,"26.09.1976",Бурляй,Максим,Янович
222,1722303,"04.01.1976",Великанов,Вадим,Валерьевич
223,1721810,"31.07.1974",Волгарев,Александр,Александрович
225,837627,"07.03.1974",Гаппоев,Александр,Сергеевич
226,837496,"10.07.1975",Германчук,Максим,Николаевич
227,1722304,"14.06.1962",Гусев,Вадим,Альбертович
231,844914,"16.12.1962",Дейнеко,Александр,Михайлович
233,1722306,"03.04.1964",Доманов,Александр,""
234,843359,"15.03.1972",Дронов,Алексей,Александрович
235,845846,"13.08.1959",Егоров,Евгений,Николаевич
236,839653,"03.02.1979",Ежов,Сергей,Павлович
237,834510,"24.05.1960",Ермаков,Владимир,Иванович
238,1721827,"09.06.1972",Желоховцев,Иван,Алексеевич
243,840921,"13.01.1957",Запевалов,Владимир,Васильевич
246,837866,"24.05.1959",Кадышев,Леонид,Юрьевич
248,1722308,"10.10.1975",Калугина,Мария,Юрьевна
249,844011,"23.02.1962",Капырин,Игорь,Николаевич
250,836020,"10.06.1964",Кислов,Александр,Александрович
251,835049,"12.05.1964",Князев,Павел,Русланович
253,1721841,"02.04.1961",Кононученко,Сергей,Борисович
255,1721845,"06.11.1969",Корляков,Алексей,Владимирович
257,1721853,"22.10.1963",Красницкий,Олег,Юзефович
259,1722310,"28.11.1968",Кузьмин,Геннадий,Владимирович
262,1722051,"06.12.1968",Лисенков,Алексей,Дмитриевич
263,1721866,"01.04.1975",Логвинов,Кирилл,Михайлович
264,1721868,"08.04.1967",Лукьянцев,Дмитрий,Евгеньевич
265,1722311,"18.06.1965",Лысиков,Андрей,Викторович
266,1722312,"02.09.1961",Лыженков,Алексей,Львович
267,1721872,"10.07.1977",Люкманов,Артур,Рушанович
268,1722313,"01.10.1964",Мазур,Антон,Юрьевич
271,1722314,"04.03.1968",Миляев,Андрей,Александрович
274,1722316,"30.06.1985",Михайлова,Наталья,Сергеевна
278,1721891,"14.11.1975",Мусихин,Максим,Вячеславович
281,1721895,"18.05.1959",Оверченко,Сергей,Александрович
282,1722318,"18.05.1967",Ожегова,Светлана,Всеволодовна
284,1721899,"19.12.1966",Пальтов,Сергей,Юрьевич
285,841494,"21.05.1958",Петрачков,Александр,Федорович
287,1722066,"24.02.1961",Петров,Андрей,Юрьевич
288,1722319,"28.03.1971",Пономарева,Анна,Владимировна
290,1722321,"18.08.1974",Постников,Олег,Владимирович
291,1721907,"30.05.1962",Прожогин,Сергей,Николаевич
292,1722322,"11.05.1970",Проскуряков,Владимир,Анатольевич
293,1722323,"08.02.1977",Прусов,Александр,Владимирович
294,1721909,"22.01.1963",Пугаев,Андрей,Евгеньевич
296,1722324,"14.09.1959",Салов,Владимир,Павлович
298,1722325,"05.02.1974",Самарин,Александр,Викторович
299,842125,"02.02.1962",Седых,Владимир,Васильевич
303,1721932,"08.08.1970",Сумкин,Григорий,Владимирович
304,838585,"19.07.1961",Тарасенко,Сергей,Михайлович
306,844340,"27.03.1960",Токмаков,Владимир,Георгиевич
309,1722328,"23.02.1963",Тряпицын,Виталий,Евгеньевич
310,1722074,"16.01.1968",Фомин,Олег,Олегович
311,1722329,"19.05.1962",Фролов,Андрей,Евгеньевич
312,1722330,"25.11.1969",Фролов,Петр,Валерьевич
314,841665,"26.02.1960",Хотулев,Иван,Брониславович
315,1721956,"17.12.1960",Шаманов,Олег,Анатольевич
316,1722078,"16.01.1966",Шарашкин,Андрей,Евгеньевич
317,1722331,"10.11.1955",Шостак,Анатолий,Викторович
318,1721961,"29.01.1963",Штодин,Дмитрий,Ильич
321,845787,"06.08.1958",Юшманов,Андрей,Константинович
322,1721784,"29.06.1974",Абакаров,Юсуп,Мурадбекович
323,834690,"15.02.1970",Аблаев,Азамат,Ирекович
324,1722023,"17.07.1974",Авдеев,Андрей,Станиславович
325,845267,"12.06.1959",Авдеев,Олег,Николаевич
326,835092,"23.07.1960",Алифанов,Сергей,Дмитриевич
327,837467,"24.11.1960",Андреев,Владимир,Вадимович
328,1721786,"29.06.1974",Андриашин,Сергей,""
329,1722027,"02.10.1962",Анисимов,Леонид,Владимирович
330,841014,"22.10.1961",Антонюк,Владислав,Викторович
331,836625,"06.01.1959",Аржаев,Игорь,Николаевич
332,1722028,"11.09.1979",Аристов,Андрей,Андреевич
333,1722029,"02.03.1966",Артамонов,Александр,Ростиславович
334,1722332,"23.09.1980",Бабушкин,Роман,Николаевич
335,1721787,"15.11.1978",Бакеева,Екатерина,Николаевна
336,1721788,"09.07.1970",Барабанов,Вадим,Леонидович
337,837699,"21.01.1965",Баранов,Дмитрий,Львович
339,1721789,"27.12.1974",Барилович,Михаил,Анатольевич
340,1721790,"24.03.1981",Батадеев,Александр,Викторович
341,838592,"15.06.1963",Батманов,Андрей,Кимович
342,1722334,"12.08.1959",Белецкий,Владимир,Викторович
343,1722335,"17.08.1965",Белов,Дмитрий,Вадимович
344,1722336,"23.10.1962",Белоносов,Алексей,Юрьевич
345,1722337,"21.03.1966",Белоусов,Андрей,Иванович
346,1722338,"17.03.1975",Берсенев,Константин,Алексеевич
347,1722339,"11.07.1973",Бессонов,Евгений,Геннадьевич
348,1721793,"19.03.1961",Бибишев,Андрей,Александрович
349,1721794,"28.05.1968",Билялитдинов,Амир,Анверович
350,1721795,"03.12.1969",Биричевская,Ольга,Юрьевна
351,1722340,"29.04.1960",Боголюбов,Сергей,""
352,1722341,"21.02.1975",Богомолова,Анна,Павловна
353,839245,"12.03.1961",Болтаев,Джамшед,Мухамедович
354,845408,"30.01.1966",Бондаренко,Валерий,Алексеевич
355,1722342,"01.09.1967",Бородин,Дмитрий,Андреевич
356,1721797,"26.07.1958",Боряк,Василий,Владимирович
357,1722343,"22.01.1977",Бредихин,Олег,Николаевич
358,1722344,"22.06.1964",Бубликов,Вадим,Владимирович
359,1722345,"12.05.1960",Будаев,Александр,Николаевич
360,1722346,"07.10.1968",Букин,Дмитрий,Васильевич
361,1395512,"18.05.1979",Булгаков,Илья,Андреевич
362,838897,"24.11.1962",Буравов,Андрей,Вячеславович
363,834766,"19.12.1961",Бурмистров,Борис,Аркадьевич
364,1721801,"14.09.1979",Буякевич,Максим,Витальевич
365,834864,"16.01.1964",Вадов,Андрей,Георгиевич
366,1721802,"21.09.1978",Варганов,Евгений,Юрьевич
367,1721803,"13.07.1967",Варич,Николай,Николаевич
368,1722032,"20.04.1969",Варламов,Андрей,Николаевич
369,1722347,"26.01.1959",Варламов,Игорь,Николаевич
370,1722348,"30.03.1972",Васильев,Вадим,Игорьевич
371,1722349,"28.03.1979",Васильев,Сергей,Юрьевич
372,1721804,"10.04.1980",Василян,Карен,Ашотович
373,834226,"20.11.1979",Васина,Виктория,Михайловна
374,1721805,"15.12.1976",Ведринская,Мария,Евгеньевна
376,1721806,"20.04.1981",Ветрик,Сергей,""
377,1721807,"12.09.1967",Вешкурцев,Василий,Михайлович
378,1722350,"18.12.1966",Владимиров,Андрей,Юрьевич
379,1721809,"21.10.1980",Владышевский,Феодосий,Александрович
380,1722351,"04.01.1968",Волков,Максим,Геннадьевич
381,1722352,"08.06.1980",Володин,Иван,Алексеевич
382,1721811,"05.12.1975",Волоковых,Петр,Сергеевич
383,1722353,"18.09.1983",Воронцов,Константин,Витальевич
385,1721813,"21.05.1977",Воскресенский,Филипп,Сергеевич
386,1721814,"19.05.1971",Вушкарник,Антон,Валерьевич
387,1722355,"30.09.1981",Гаврилов,Олег,Владимирович
389,1722034,"25.02.1980",Галактионова,Елена,Владимировна
390,1722356,"03.12.1982",Гарибян,Тигран,Левонович
391,1722357,"26.12.1980",Геворкян,Рафаэл,Самвелович
392,1722358,"28.02.1960",Голуб,Алексей,Иванович
393,1721816,"10.09.1978",Голубовский,Руслан,Юрьевич
394,1721817,"25.09.1969",Гоменюк,Александр,Евгеньевич
395,1722359,"10.12.1970",Горбунов,Иван,Николаевич
396,1722360,"13.07.1976",Горшкова,Елена,Вячеславовна
397,1722361,"19.02.1971",Градов,Сергей,Викторович
398,1721818,"08.10.1976",Гребенщиков,Всеволод,Эдуардович
399,841493,"04.08.1960",Гремитских,Александр,Юрьевич
401,1722363,"17.06.1974",Григорьев,Алексей,Юрьевич
402,1721819,"26.07.1969",Гуенков,Валерий,Иванович
403,1722364,"24.09.1981",Гусаров,Александр,Евгеньевич
404,1722365,"05.09.1981",Гущин,Сергей,Владимирович
405,836737,"07.07.1971",Гущин,Сергей,Сергеевич
406,1721820,"25.09.1968",Даровских,Федор,Олегович
407,1722366,"04.08.1981",Дегтярев,Константин,Петрович
408,1721822,"15.02.1981",Демурин,Дмитрий,""
409,1721823,"19.06.1963",Демяненко,Игорь,Витальевич
410,1721824,"23.11.1964",Джиоев,Азар,Заурбегович
411,1722367,"12.02.1979",Дмитриченко,Андрей,Иванович
412,842492,"19.01.1978",Доровских,Алексей,Борисович
413,1722368,"18.07.1973",Дорохин,Константин,Сергеевич
414,1722369,"14.12.1960",Дронов,Андрей,Юрьевич
415,1722370,"12.05.1975",Дудник,Оксана,Сергеевна
416,1721826,"13.12.1968",Дьяконенко,Сергей,Александрович
417,360463,"19.01.1968",Дьяков,Владимир,Александрович
418,1722371,"23.09.1982",Дьяченко,Сергей,Владимирович
419,1722372,"24.08.1975",Дьячков,Денис,Геннадьевич
420,1722373,"02.08.1959",Евсеев,Виктор,Викторович
421,1722374,"17.12.1980",Евстигнеева,Анна,Михайловна
422,1722375,"05.04.1964",Егоров,Олег,Романович
423,1722376,"01.08.1967",Елкин,Михаил,Владимирович
424,1721783,"15.07.1979",Ёлкин,Александр,Георгиевич
425,1722038,"",Епифанов,Владлен,Викторович
426,1722377,"15.04.1972",Журавлев,Роман,Игоревич
427,1722378,"27.12.1974",Журов,Александр,Викторович
428,1722379,"23.10.1977",Заболоцкая,Мария,Владимировна
429,1722039,"14.07.1963",Зайнутдинов,Руслан,Амирович
430,1721828,"29.03.1963",Замятина,Галина,Игоревна
431,1722041,"18.02.1960",Захаров,Александр,Константинович
432,1721829,"23.04.1979",Зевахин,Тимур,""
433,1721830,"08.11.1974",Зезюлин,Александр,Николаевич
434,1722380,"22.08.1962",Зеленов,Александр,Викторович
435,1722381,"02.05.1978",Иванов,Алексей,Юрьевич
436,1721832,"",Ивахин,Андрей,Юрьевич
437,1721833,"20.11.1969",Идамкин,Алексей,Михайлович
438,1722382,"14.10.1985",Изотова,Екатерина,Алексеевна
439,1721834,"23.05.1968",Инюшкин,Игорь,Николаевич
440,1722383,"21.10.1961",Истомин,Александр,Александрович
441,839404,"03.07.1980",Калачев,Александр,Александрович
442,1722384,"20.05.1973",Калашников,Николай,Владимирович
444,1722046,"03.07.1980",Калугин,Михаил,Александрович
445,1721836,"04.09.1961",Кандауров,Руслан,Измаилович
446,1722386,"03.10.1964",Капустин,Алексей,Владимирович
447,1722387,"09.02.1963",Караваев,Игорь,Вячеславович
448,845083,"26.02.1974",Каргаполов,Анатолий,Владимирович
449,1722047,"23.07.1963",Касаткин,Дмитрий,Витальевич
450,1721837,"25.11.1961",Керестеджиянц,Алексей,Леонидович
451,1722388,"15.11.1981",Ким,Александр,Вячеславович
452,1722389,"26.03.1964",Ким,Владимир,Эдуардович
453,1722390,"04.11.1959",Киселев,Андрей,Николаевич
454,580836,"12.03.1964",Климанов,Владимир,Александрович
455,1722391,"26.03.1977",Князева,Анна,Александровна
456,1722392,"29.05.1973",Ковалев,Олег,Анатольевич
457,1722393,"24.10.1977",Ковальчук,Ирина,Сергеевна
458,1722394,"05.05.1964",Козлов,Александр,Викторович
459,1722395,"04.08.1977",Козлов,Александр,Леонидович
460,1722396,"20.10.1974",Кокорев,Михаил,Евгеньевич
461,1722397,"28.08.1976",Колесников,Андрей,Леонидович
462,840832,"23.12.1964",Колесников,Евгений,Иванович
463,1722398,"",Комаров,Евгений,Петрович
464,1722399,"21.05.1977",Кондаков,Александр,Валентинович
465,1721840,"",Кондратенков,Михаил,Юрьевич
466,1721842,"06.06.1982",Коныгин,Николай,Александрович
467,1721843,"12.05.1967",Конякин,Игорь,Юрьевич
468,1722400,"09.12.1970",Копнин,Александр,Анатольевич
469,1722401,"22.08.1973",Копнина,Елена,Сергеевна
470,1721844,"23.05.1973",Коржуев,Алексей,Вячеславович
471,1722402,"03.11.1964",Корнеев,Михаил,Юрьевич
472,1722048,"15.06.1964",Королев,Михаил,Юрьевич
473,1722403,"16.11.1968",Коротков,Андрей,Александрович
474,1721846,"",Коротун,Юлия,Владимировна
475,1721847,"02.04.1962",Корунова,Марина,Олеговна
476,1722404,"30.07.1975",Косенкова,Анна,Владимировна
477,1721849,"25.12.1964",Косилин,Андрей,Алексеевич
478,1721850,"21.05.1959",Косоногов,Иван,Федорович
479,1722405,"02.06.1974",Коткова,Инна,Владимировна
480,1722406,"14.10.1985",Кошкин,Василий,Николаевич
481,1721851,"30.05.1975",Краминцев,Сергей,Анатольевич
482,1721852,"07.10.1972",Кранс,Станислав,Максимович
483,1721854,"28.11.1970",Кружков,Владимир,Анатольевич
484,1721855,"31.07.1960",Кудояров,Артём,Тамерланович
486,1722407,"25.04.1967",Кудрявцев,Сергей,Викторович
487,1722408,"22.03.1978",Кудрявцева,Елена,Юрьевна
488,1721857,"19.07.1972",Кузнеделев,Денис,Владимирович
489,1722409,"10.06.1978",Кузнецов,Георгий,Викторович
490,1722410,"28.01.1971",Кузьменков,Степан,""
491,1722411,"18.01.1978",Кулагина,Ирина,Александровна
492,1722412,"02.09.1972",Куликова,Елена,Владимировна
493,1721859,"",Кулькин,Дмитрий,Иванович
494,1722413,"27.04.1982",Курбанов,Эльдар,Марифович
495,1721861,"06.04.1970",Ланчиков,Андрей,Викторович
496,1722414,"25.03.1962",Лебеденко,Владимир,Юрьевич
497,1722415,"13.03.1979",Леденев,Андрей,Андреевич
498,1721862,"22.02.1966",Ленёв,Владимир,Николаевич
499,1722416,"26.06.1957",Леонтьев,Владимир,Львович
500,1721863,"19.12.1971",Летошнев,Александр,Вячеславович
501,1721864,"28.02.1965",Ливичук,Василий,Геннадьевич
502,1722050,"29.10.1959",Линевич,Сергей,Георгиевич
503,1722417,"11.09.1969",Литвинов,Андрей,Борисович
504,1722053,"03.07.1980",Литвинов,Максим,Вадимович
505,1722052,"02.02.1963",Литвинов,Максим,Игоревич
506,1722054,"01.07.1963",Лобанов,Сергей,Васильевич
507,1722418,"25.04.1960",Логачев,Сергей,Олегович
508,1721870,"21.12.1958",Лутай,Геннадий,Анатольевич
509,1721871,"14.11.1973",Лысиков,Сергей,Владимирович
510,1722419,"26.07.1965",Лямин,Андрей,Вячеславович
511,1722420,"26.09.1977",Ляпин,Владимир,Александрович
512,1721873,"20.07.1963",Ляхов,Валерий,Владимирович
513,1722421,"",Магомедов,Камиль,Омарович
515,1722055,"20.10.1960",Майстренко,Владимир,Демьянович
516,1722422,"04.06.1962",Макаров,Михаил,Станиславович
518,1721875,"02.08.1971",Малаян,Карен,Карпушевич
520,1722424,"01.06.1983",Малькова,Виктория,Валерьевна
521,1722056,"29.06.1966",Мамаев,Александр,Викторович
522,1722425,"09.12.1980",Марков,Алексей,Геннадьевич
524,1722427,"07.11.1971",Марченко,Александр,Александрович
525,1721880,"18.02.1960",Маслин,Валерий,Владимирович
526,1721881,"18.01.1965",Масюк,Дмитрий,Анатольевич
527,1722428,"09.07.1982",Матвеев,Юрий,Владимирович
529,1721883,"30.06.1973",Мгеладзе,Нана,Михайловна
530,1722429,"08.05.1971",Медяник,Евгений,Александрович
531,1722430,"17.04.1983",Мельник,Юрий,Юрьевич
532,1722431,"10.12.1968",Мельников,Николай,Евгеньевич
533,1722432,"04.09.1961",Миронов,Николай,Валентинович
534,1722433,"01.09.1969",Митрофанов,Вадим,Юрьевич
535,1722434,"16.12.1973",Михайлов,Дмитрий,Юрьевич
536,1722435,"05.07.1973",Мокин,Даниил,Владимирович
537,1722057,"12.05.1972",Молчанов,Сергей,Николаевич
538,1721888,"18.10.1955",Мордвинцев,Юрий,Тимофеевич
539,1722436,"30.07.1977",Морозов,Андрей,Львович
540,1721889,"21.07.1978",Москаленко,Денис,Игоревич
541,1721890,"19.11.1961",Мурашев,Олег,Юрьевич
542,1722437,"19.06.1959",Мусиенко,Александр,Андреевич
543,1722438,"26.01.1979",Налобин,Сергей,Николаевич
544,1721892,"04.11.1972",Настасьин,Андрей,Евгеньевич
545,1722439,"19.02.1984",Нечаев,Иван,Игоревич
546,1721893,"12.01.1961",Нешумов,Евгений,Юрьевич
547,1722440,"12.12.1959",Никитин,Вадим,Николаевич
548,1722441,"02.10.1964",Никитин,Игорь,Станиславович
549,1721894,"17.03.1984",Ниорадзе,Василий,Владимирович
550,1722442,"30.11.1968",Новосельцева,Вероника,Анатольевна
551,1722443,"14.12.1967",Носков,Александр,Александрович
552,1722444,"12.09.1950",Олисов,Александр,Васильевич
553,842617,"15.01.1967",Оранский,Станислав,Валерьевич
554,1721896,"21.11.1973",Ордаш,Андрей,Эдуардович
555,1721897,"02.04.1967",Орешенкова,Наталия,Евгеньевна
556,1722445,"28.09.1974",Орлов,Григорий,Владимирович
557,1721898,"05.07.1969",Осьмаков,Андрей,Иванович
558,1722446,"14.11.1968",Ощепков,Владимир,Платонович
559,1722059,"18.05.1970",Павлов,Владислав,Валерьевич
560,1722061,"06.07.1959",Панков,Александр,Юрьевич
561,1722447,"20.02.1960",Панов,Андрей,Леонидович
562,1722062,"21.08.1962",Пантелеев,Евгений,Александрович
563,1722064,"11.07.1962",Патронов,Сергей,Юрьевич
564,1722448,"01.05.1966",Пашков,Виктор,Львович
565,1722449,"14.05.1979",Петрова,Светлана,Владимировна
566,1721902,"06.09.1963",Плихин,Петр,Генрихович
567,1721903,"24.11.1973",Поваляев,Андрей,Петрович
568,1722450,"02.05.1980",Погонин,Алексей,Алексеевич
569,1721904,"18.07.1983",Подолько,Елена,Олеговна
571,1722452,"17.03.1967",Попов,Сергей,Аркадьевич
572,1722453,"11.02.1959",Прокофьев,Александр,Алексеевич
573,1721908,"12.06.1972",Пронин,Василий,Львович
575,1722455,"05.05.1965",Прохоров,Олег,Анатольевич
576,1722456,"23.09.1972",Пшеничный,Сергей,Анатольевич
577,1721910,"21.03.1973",Равилова-Боровик,Диляра,Салихзяновна
578,1721911,"14.12.1972",Райдер,Максим,Георгиевич
579,1722457,"28.04.1972",Ревуцкий,Антон,Викторович
580,1722458,"19.08.1979",Репкин,Александр,Валерьевич
581,1722459,"22.05.1961",Рогов,Алексей,Александрович
582,1721914,"17.09.1965",Рогоза,Олег,Васильевич
583,1722460,"26.06.1981",Романов,Максим,Геннадьевич
584,1721915,"22.08.1974",Российский,Михаил,Анатольевич
585,1721916,"22.02.1980",Рубин,Максим,Олегович
586,1722461,"30.09.1955",Рудницкий,Артем,Юрьевич
587,1721917,"02.03.1981",Рыковсков,Дмитрий,Витальевич
588,1721918,"13.02.1968",Рябков,Геннадий,Геннадьевич
589,1722462,"22.12.1966",Рябоконь,Сергей,Владимирович
590,1722068,"02.04.1964",Сагитов,Игорь,Ильдусович
591,1721919,"05.02.1973",Садулин,Роман,Ярулович
592,1721920,"07.09.1985",Салимуллин,Ленар,Шамилевич
593,1721921,"17.01.1975",Сапоженков,Кирилл,Александрович
594,1721922,"21.07.1970",Свистин,Роман,Викторович
595,1722463,"02.05.1977",Селезнев,Максим,Владимирович
596,1722464,"22.07.1983",Семенова,Екатерина,Андреевна
597,1722070,"20.06.1962",Семенов,Сергей,Алексеевич
598,1722071,"01.01.1962",Семенов,Сергей,Валентинович
599,1721924,"18.04.1975",Сентенкова,Наталья,Николаевна
600,1722465,"09.03.1969",Сергеев,Михаил,Александрович
601,1721925,"26.11.1977",Середняков,Константин,Викторович
602,1722466,"25.08.1966",Симаков,Виктор,Викторович
603,1721926,"17.07.1973",Синегубов,Алексей,Леонидович
604,1722467,"28.02.1966",Ситников,Альберт,Владимирович
605,1722468,"26.02.1962",Скачков,Андрей,Семенович
607,1722470,"24.08.1960",Соколов,Дмитрий,Геннадьевич
608,1722471,"22.07.1964",Соколов,Эдуард,Анатольевич
609,1721928,"26.11.1974",Соколов-Щербачев,Кирилл,Геннадиевич
610,1722472,"08.01.1973",Степанюк,Вадим,Анатольевич
611,1722473,"24.12.1975",Степкина,Наталья,Александровна
613,1721931,"26.04.1959",Стукало,Алексей,Алексеевич
614,1722475,"27.05.1968",Субботин,Дмитрий,Владимирович
615,1722476,"31.07.1977",Субботин,Илья,Вячеславович
617,1721933,"08.01.1961",Табачинский,Игорь,Михайлович
618,1721934,"01.08.1974",Талыбов,Эльшад,Муталим оглы
619,1721935,"22.05.1979",Темников,Денис,Михайлович
620,1721936,"12.09.1977",Темяшов,Андрей,Иванович
621,1721937,"30.07.1979",Терских,Александр,Александрович
622,1574200,"10.01.1961",Тимашов,Валерий,Петрович
623,1722477,"10.06.1969",Тимофеев,Алексей,Геннадьевич
624,836752,"30.01.1977",Топеха,Владимир,Владимирович
625,1721940,"15.01.1963",Торотенков,Сергей,Владимирович
626,1722478,"06.03.1978",Трофимов,Александр,Владимирович
627,1721941,"",Троянский,Григорий,Михайлович
628,1721942,"13.10.1968",Трушин,Федор,Филиппович
629,1721943,"15.09.1968",Тураев,Дмитрий,Александрович
630,1721945,"29.03.1973",Устинов,Григорий,Владимирович
631,1722479,"03.03.1960",Уткин,Алексей,Васильевич
633,1721946,"30.04.1962",Фабричников,Андрей,Аркадьевич
634,1722481,"04.01.1977",Фадеев,Виталий,Викторович
635,1721947,"25.09.1960",Федеряков,Сергей,Геннадьевич
636,1722073,"16.05.1969",Федорова,Анастасия,Васильевна
637,1722482,"06.10.1976",Федосеев,Иван,Сергеевич
638,1722483,"16.01.1959",Фетисов,Игорь,Владимирович
639,1721948,"17.12.1973",Филаткин,Дмитрий,Петрович
640,1721949,"20.12.1979",Ханеев,Максим,Вячеславович
641,1721950,"06.02.1964",Хапилов,Александр,Вадимович
642,1722484,"08.02.1976",Харламова,Ольга,Викторовна
643,1722485,"23.10.1967",Хетагуров,Алан,Александрович
645,836805,"02.04.1965",Хоришко,Евгений,Викторович
646,1721953,"08.01.1978",Хуторская,Вера,""
647,1722486,"11.03.1977",Цыганов,Василий,Андреевич
648,1721954,"03.12.1971",Чемерило,Андрей,Александрович
650,1722487,"27.07.1978",Чернов,Андрей,Анатольевич
652,1697121,"28.04.1977",Чумаков,Дмитрий,Сергеевич
653,1721955,"03.06.1971",Чумарев,Сергей,Леонидович
654,1722488,"15.10.1959",Шабанов,Андрей,Владимирович
655,1721957,"10.11.1967",Шамсутдинов,Шамиль,Фоатович
656,1722489,"",Шаповалов,Олег,Вячеславович
657,1721958,"09.04.1968",Шатуновский-Бюрно,Сергей,Валерьевич
658,1721959,"05.11.1968",Шин,Владимир,Алексеевич
659,1318602,"09.09.1978",Шлыков,Константин,Владимирович
660,1721960,"01.01.1958",Шлычкова,Татьяна,Вениаминовна
661,1722490,"06.04.1976",Шмелева,Наталья,Ивановна
662,1722491,"23.09.1976",Щукин,Петр,Владиславович
663,1722492,"27.08.1977",Юдин,Андрей,Дмитриевич
664,1722493,"19.11.1958",Юдинцев,Алексей,Владимирович
665,1722494,"25.08.1961",Яковлев,Владимир,Олегович
666,1721964,"",Янович,Константин,Александрович
