person_id,declarator_id
Q140121783,836981
Q140121784,1721792
Q140121785,1722291
Q140121786,1721869
Q140121787,839683
Q140121788,842609
Q140121789,1722080
Q140121790,834410
Q140121791,1722300
Q140121792,1721799
Q140121793,843705
Q140121794,1722302
Q140121795,1721800
Q140121796,1722303
Q140121797,1721810
Q140121798,837627
Q140121799,837496
Q140121800,1722304
Q140121801,844914
Q140121802,1722306
Q140121803,843359
Q140121804,845846
Q140121805,839653
Q140121806,1721827
Q140121807,840921
Q140121808,1722308
Q140121809,844011
Q140121810,836020
Q140121811,835049
Q140121812,1721841
Q140121813,1721845
Q140121814,1721853
Q140121815,1722310
Q140121816,1722051
Q140121817,1721866
Q140121818,1721868
Q140121819,1722311
Q140121820,1722312
Q140121821,1721872
Q140121822,1722313
Q140121823,1722314
Q140121824,1722316
Q140121825,1721891
Q140121826,1721895
Q140121827,1722318
Q140121828,1721899
Q140121829,841494
Q140121830,1722066
Q140121831,1722321
Q140121832,1721907
Q140121833,1722322
Q140121834,1722323
Q140121835,1721909
Q140121836,1722324
Q140121837,1722325
Q140121838,842125
Q140121839,1721932
Q140121840,838585
Q140121841,844340
Q140121842,1722328
Q140121843,1722074
Q140121844,1722329
Q140121845,1722330
Q140121846,841665
Q140121847,1721956
Q140121849,1722078
Q140121850,1722331
Q140121851,1721961
Q140121852,845787
Q140121853,1721784
Q140121854,834690
Q140121855,1722023
Q140121856,845267
Q140121857,835092
Q140121858,837467
Q140121859,1721786
Q140121860,1722027
Q140121861,841014
Q140121862,836625
Q140121863,1722028
Q140121864,1722029
Q140121865,1722332
Q140121866,1721787
Q140121867,1721788
Q140121868,1721789
Q140121869,1721790
Q140121870,838592
Q140121871,1722334
Q140121872,1722335
Q140121873,1722336
Q140121874,1722337
Q140121875,1722338
Q140121876,1722339
Q140121877,1721793
Q140121878,1721794
Q140121879,1721795
Q140121880,1722340
Q140121881,1722341
Q140121882,839245
Q140121883,845408
Q140121884,1722342
Q140121885,1721797
Q140121886,1722343
Q140121887,1722344
Q140121888,1722345
Q140121889,1722346
Q140121890,1395512
Q140121891,838897
Q140121892,834766
Q140121893,1721801
Q140121894,834864
Q140121895,1721802
Q140121896,1721803
Q140121897,1722032
Q140121898,1722347
Q140121899,1722348
Q140121900,1722349
Q140121901,1721804
Q140121902,834226
Q140121903,1721805
Q140121904,1721806
Q140121905,1721807
Q140121906,1722350
Q140121907,1721809
Q140121908,1722351
Q140121909,1722352
Q140121910,1721811
Q140121911,1722353
Q140121912,1721813
Q140121913,1721814
Q140121916,1722355
Q140121917,1722034
Q140121918,1722356
Q140121919,1722357
Q140121920,1722358
Q140121921,1721816
Q140121922,1721817
Q140121923,1722359
Q140121924,1722360
Q140121925,1722361
Q140121926,1721818
Q140121927,1722363
Q140121928,1721819
Q140121929,1722364
Q140121930,1722365
Q140121931,836737
Q140121932,1721820
Q140121933,1722366
Q140121934,1721822
Q140121935,1721823
Q140121936,1721824
Q140121937,1722367
Q140121938,842492
Q140121939,1722368
Q140121941,1722369
Q140121942,1722370
Q140121944,1721826
Q140121945,360463
Q140121946,1722371
Q140121947,1722372
Q140121948,1722373
Q140121949,1722374
Q140121950,1722375
Q140121951,1722376
Q140121952,1721783
Q140121953,1722038
Q140121954,1722377
Q140121955,1722378
Q140121956,1722379
Q140121957,1722039
Q140121958,1721828
Q140121959,1722041
Q140121960,1721829
Q140121961,1721830
Q140121962,1722380
Q140121963,1722381
Q140121964,1721832
Q140121965,1721833
Q140121966,1722382
Q140121967,1721834
Q140121968,1722383
Q140121969,839404
Q140121970,1722384
Q140121971,1722046
Q140121972,1721836
Q140121973,1722386
Q140121974,1722387
Q140121975,845083
Q140121976,1722047
Q140121977,1721837
Q140121978,1722388
Q140121979,1722389
Q140121980,1722390
Q140121981,580836
Q140121982,1722391
Q140121985,1722392
Q140121986,1722393
Q140121987,1722394
Q140121988,1722395
Q140121989,1722396
Q140121990,1722397
Q140121991,840832
Q140121992,1722398
Q140121993,1722399
Q140121994,1721840
Q140121995,1721842
Q140121996,1721843
Q140121997,1722400
Q140121998,1722401
Q140121999,1721844
Q140122000,1722402
Q140122001,1722048
Q140122002,1722403
Q140122003,1721846
Q140122004,1721847
Q140122005,1722404
Q140122006,1721849
Q140122007,1721850
Q140122008,1722405
Q140122009,1722406
Q140122010,1721851
Q140122011,1721852
Q140122012,1721854
Q140122013,1721855
Q140122014,1722407
Q140122015,1722408
Q140122016,1721857
Q140122017,1722409
Q140122018,1722410
Q140122019,1722411
Q140122020,1722412
Q140122021,1721859
Q140122022,1722413
Q140122023,1721861
Q140122024,1722414
Q140122025,1722415
Q140122026,1721862
Q140122027,1722416
Q140122028,1721863
Q140122029,1721864
Q140122030,1722417
Q140122031,1722053
Q140122032,1722052
Q140122033,1722054
Q140122034,1722418
Q140122035,1721870
Q140122036,1721871
Q140122037,1722419
Q140122038,1722420
Q140122039,1721873
Q140122040,1722421
Q140122041,1722055
Q140122042,1722422
Q140122043,1721875
Q140122044,1722424
Q140122045,1722056
Q140122046,1722425
Q140122047,1722427
Q140122048,1721880
Q140122049,1721881
Q140122051,1722428
Q140122052,1721883
Q140122053,1722429
Q140122054,1722430
Q140122055,1722431
Q140122056,1722432
Q140122057,1722433
Q140122058,1722434
Q140122059,1722435
Q140122060,1722057
Q140122061,1721888
Q140122062,1722436
Q140122063,1721889
Q140122064,1721890
Q140122065,1722437
Q140122066,1722438
Q140122067,1721892
Q140122068,1722439
Q140122069,1721893
Q140122070,1722440
Q140122071,1722441
Q140122072,1721894
Q140122073,1722442
Q140122074,1722443
Q140122075,1722444
Q140122076,842617
Q140122077,1721896
Q140122078,1721897
Q140122079,1722445
Q140122080,1721898
Q140122081,1722446
Q140122082,1722059
Q140122083,1722061
Q140122084,1722447
Q140122085,1722062
Q140122086,1722064
Q140122087,1722448
Q140122088,1722449
Q140122089,1721903
Q140122090,1722450
Q140122091,1721904
Q140122092,1722452
Q140122093,1722453
Q140122094,1721908
Q140122095,1722455
Q140122096,1722456
Q140122097,1721910
Q140122098,1721911
Q140122099,1722457
Q140122100,1722458
Q140122101,1722459
Q140122102,1721914
Q140122103,1722460
Q140122104,1721915
Q140122105,1721916
Q140122106,1722461
Q140122107,1721917
Q140122108,1721918
Q140122109,1722462
Q140122110,1722068
Q140122111,1721919
Q140122112,1721920
Q140122113,1721921
Q140122114,1721922
Q140122116,1722463
Q140122119,1722464
Q140122120,1722070
Q140122121,1722071
Q140122122,1721924
Q140122123,1722465
Q140122124,1721925
Q140122125,1722466
Q140122126,1721926
Q140122127,1722467
Q140122128,1722468
Q140122129,1722470
Q140122130,1722471
Q140122131,1721928
Q140122132,1722472
Q140122133,1722473
Q140122134,1721931
Q140122135,1722475
Q140122136,1722476
Q140122137,1721933
Q140122138,1721934
Q140122139,1721935
Q140122140,1721936
Q140122141,1721937
Q140122142,1574200
Q140122143,1722477
Q140122144,836752
Q140122145,1721940
Q140122146,1722478
Q140122147,1721941
Q140122148,1721942
Q140122149,1721943
Q140122150,1721945
Q140122151,1722479
Q140122152,1721946
Q140122153,1722481
Q140122154,1721947
Q140122155,1722073
Q140122156,1722482
Q140122157,1722483
Q140122158,1721948
Q140122160,1721949
Q140122161,1721950
Q140122163,1722484
Q140122164,1722485
Q140122165,836805
Q140122166,1721953
Q140122167,1722486
Q140122168,1721954
Q140122169,1722487
Q140122170,1697121
Q140122171,1721955
Q140122172,1722488
Q140122173,1721957
Q140122174,1722489
Q140122175,1721958
Q140122176,1721959
Q140122177,1721960
Q140122178,1722490
Q140122179,1722491
Q140122180,1722492
Q140122181,1722493
Q140122182,1722494
Q140122183,1721964
