diplomat_id,person_id,person_item,dob,family_name,family_name_en,name,name_en,patronymic,patronymic_en,position,rank,rank_item,department,country_item
1,1722024,Q4055717,1960-05-19,Аветисян,Avetisyan,Андрей,Andrey,Левонович,Levonovich,чрезвычайный и полномочный посол российской федерации,чрезвычайный и полномочный посол,Q137783787,посольство российской федерации в объединенной республике танзании,Q924
2,1722025,Q112992677,1973-04-18,Агасандян,Agasandyan,Микаэл,Mikael,Вадимович,Vadimovich,директор департамента,чрезвычайный и полномочный посол,Q137783787,первый департамент стран снг,
3,840280,Q16166631,1956-05-29,Азизов,Azizov,Искандер,Iskander,Кубарович,Kubarovich,чрезвычайный и полномочный посол российской федерации,чрезвычайный и полномочный посол,Q137783787,посольство российской федерации в республике союз мьянма,Q836
4,839427,Q136815717,1970-10-25,Алимов,Alimov,Александр,Alexander,Сергеевич,Sergeevich,заместитель министра иностранных дел российской федерации,чрезвычайный и полномочный посол,Q137783787,руководство,
5,1721785,Q112992858,1970-08-07,Алипов,Alipov,Денис,Denis,Евгеньевич,Evgenievich,чрезвычайный и полномочный посол российской федерации,чрезвычайный и полномочный посол,Q137783787,посольство российской федерации в республике индии,Q668
6,842174,Q120279437,1958-04-17,Аляутдинов,Alyautdinov,Ринат,Rinat,Жафярович,Zhafyarovich,постоянный представитель российской федерации,чрезвычайный и полномочный посол,Q137783787,"постоянное представительство российской федерации при юнеско в париже, французская республика",Q142
7,840046,Q130286610,1968-05-26,Амбаров,Ambarov,Роман,Novel,Евгеньевич,Evgenievich,чрезвычайный и полномочный посол российской федерации,чрезвычайный и полномочный посол,Q137783787,посольство российской федерации в южно-африканской республике и королевстве лесото по совместительству,Q258
7,840046,Q130286610,1968-05-26,Амбаров,Ambarov,Роман,Novel,Евгеньевич,Evgenievich,чрезвычайный и полномочный посол российской федерации,чрезвычайный и полномочный посол,Q137783787,посольство российской федерации в южно-африканской республике и королевстве лесото по совместительству,Q1013
8,1722026,Q15845822,1956-09-19,Андреев,Andreev,Андрей,Andrey,Владимирович,Vladimirovich,чрезвычайный и полномочный посол российской федерации,чрезвычайный и полномочный посол,Q137783787,посольство российской федерации в республике мадагаскар,Q1019
9,839317,Q4065528,1958-06-26,Андреев,Andreev,Сергей,Sergey,Вадимович,Vadimovich,чрезвычайный и полномочный посол российской федерации,чрезвычайный и полномочный посол,Q137783787,посольство российской федерации в словацкой республике,Q214
10,11733,Q4067324,1955-05-15,Антонов,Antonov,Анатолий,Anatoly,Иванович,Ivanovich,,чрезвычайный и полномочный посол,Q137783787,,
12,834467,Q15064185,1954-12-30,Афанасьев,Afanasyev,Михаил,Michael,Юрьевич,Yuryevich,,чрезвычайный и полномочный посол,Q137783787,,
13,839420,Q60827558,1967-09-30,Баздникин,Bazdnikin,Сергей,Sergey,Александрович,Alexandrovich,директор департамента,чрезвычайный и полномочный посол,Q137783787,историко-документальный департамент,
14,836511,Q15064257,1958-11-20,Байбаков,Baibakov,Владимир,Vladimir,Викторович,Viktorovich,чрезвычайный и полномочный посол российской федерации,чрезвычайный и полномочный посол,Q137783787,посольство российской федерации в королевстве марокко,Q1028
15,840825,Q138609592,1971-11-06,Баранов,Baranov,Анатолий,Anatoly,Александрович,Alexandrovich,директор департамента,чрезвычайный и полномочный посол,Q137783787,управление делами (департамент),
16,1722030,Q18236188,1961-03-07,Баранов,Baranov,Михаил,Michael,Владимирович,Vladimirovich,чрезвычайный и полномочный посол российской федерации,чрезвычайный и полномочный посол,Q137783787,посольство российской федерации в государстве бруней-даруссалам,Q921
17,836933,Q15090153,1957-09-03,Барбин,Barbin,Владимир,Vladimir,Владимирович,Vladimirovich,чрезвычайный и полномочный посол российской федерации,чрезвычайный и полномочный посол,Q137783787,посольство российской федерации в королевстве дания,Q35
18,844322,Q124770178,1955-04-10,Баринова,Barinova,Надежда,Hope,Михайловна,Mikhailovna,директор департамента (член коллегии),чрезвычайный и полномочный посол,Q137783787,историко-документальный департамент,
19,836851,Q47453187,1961-05-14,Башкин,Bashkin,Анатолий,Anatoly,Геннадьевич,Gennadievich,директор департамента,чрезвычайный и полномочный посол,Q137783787,департамент государств африки (южнее сахары),
20,841356,Q70254625,1954-07-12,Беджанян,Bejanyan,Юрий,Yuri,Вартанович,Vartanovich,чрезвычайный и полномочный посол российской федерации,чрезвычайный и полномочный посол,Q137783787,посольство российской федерации в республике коста-рика,Q800
21,1721791,Q109490441,1963-03-24,Бездетко,Bezdetko,Геннадий,Gennady,Степанович,Stepanovich,чрезвычайный и полномочный посол российской федерации,чрезвычайный и полномочный посол,Q137783787,посольство российской федерации в социалистической республике вьетнам,Q881
22,1722290,Q124770029,1965-01-25,Беляев,Belyaev,Сергей,Sergey,Сергеевич,Sergeevich,чрезвычайный и полномочный посол российской федерации,чрезвычайный и полномочный посол,Q137783787,посольство российской федерации в королевстве швеция,Q34
24,1721796,Q136815712,1973-01-03,Биричевский,Birichevsky,Дмитрий,Dmitry,Анатольевич,Anatolyevich,директор департамента,чрезвычайный и полномочный посол,Q137783787,департамент экономического сотрудничества,
25,11518,Q4089252,1952-03-02,Богданов,Bogdanov,Михаил,Michael,Леонидович,Leonidovich,,чрезвычайный и полномочный посол,Q137783787,,
26,842058,Q124770171,1977-09-19,Богдашев,Bogdashev,Игорь,Igor,Викторович,Viktorovich,директор департамента,чрезвычайный и полномочный посол,Q137783787,департамент государственного протокола,
27,834814,Q60835664,1954-04-27,Бойков,Boykov,Евгений,Evgeny,Мирославович,Miroslavovich,,чрезвычайный и полномочный посол,Q137783787,,
28,842893,Q97343745,1968-07-10,Борисенко,Borisenko,Георгий,George,Евгеньевич,Evgenievich,заместитель министра иностранных дел российской федерации,чрезвычайный и полномочный посол,Q137783787,руководство,
29,841849,Q97343747,1958-07-07,Боровик,Borovik,Анатолий,Anatoly,Васильевич,Vasilievich,чрезвычайный и полномочный посол российской федерации,чрезвычайный и полномочный посол,Q137783787,посольство российской федерации в королевстве камбоджа,Q424
30,845218,Q4094465,1950-12-10,Бородавкин,Borodavkin,Алексей,Alexey,Николаевич,Nikolaevich,чрезвычайный и полномочный посол российской федерации,чрезвычайный и полномочный посол,Q137783787,посольство российской федерации в республике казахстан,Q232
31,843470,Q4095272,1957-09-16,Боцан-Харченко,Botsan-Kharchenko,Александр,Alexander,Аркадьевич,Arkadyevich,чрезвычайный и полномочный посол российской федерации,чрезвычайный и полномочный посол,Q137783787,посольство российской федерации в республике сербии,Q403
32,1721798,Q4096013,1956-09-30,Братчиков,Bratchikov,Игорь,Igor,Борисович,Borisovich,,чрезвычайный и полномочный посол,Q137783787,,
33,839222,Q19907863,1960-03-14,Будаев,Budaev,Андрей,Andrey,Владимирович,Vladimirovich,,чрезвычайный и полномочный посол,Q137783787,,
35,1721527,Q120281339,1964-04-04,Бутин,Butin,Сергей,Sergey,Владимирович,Vladimirovich,первый заместитель министра иностранных дел российской федерации,чрезвычайный и полномочный посол,Q137783787,руководство,
36,1721530,Q4103372,1960-08-01,Ванин,Vanin,Михаил,Michael,Валентинович,Valentinovich,посол по особым поручениям,чрезвычайный и полномочный посол,Q137783787,группа послов по особым поручениям мид российской федерации,
37,840212,Q18237276,1963-02-25,Васильев,Vasiliev,Виктор,Victor,Львович,Lvovich,посол по особым поручениям,чрезвычайный и полномочный посол,Q137783787,группа послов по особым поручениям мид российской федерации,
38,834417,Q27979827,1953-09-27,Васнецов,Vasnetsov,Олег,Oleg,Владимирович,Vladimirovich,,чрезвычайный и полномочный посол,Q137783787,,
39,168052,Q18237376,1954-07-24,Вершинин,Vershinin,Сергей,Sergey,Васильевич,Vasilievich,чрезвычайный и полномочный посол российской федерации,чрезвычайный и полномочный посол,Q137783787,посольство российской федерации в турецкой республике,Q43
40,834093,Q53562881,1954-01-29,Викторов,Viktorov,Анатолий,Anatoly,Дмитриевич,Dmitrievich,чрезвычайный и полномочный посол российской федерации,чрезвычайный и полномочный посол,Q137783787,посольство российской федерации в государстве израиль,Q801
41,838643,Q28497288,1954-09-08,Винокуров,Vinokurov,Владимир,Vladimir,Николаевич,Nikolaevich,чрезвычайный и полномочный посол российской федерации,чрезвычайный и полномочный посол,Q137783787,посольство российской федерации в республике гватемала,Q774
42,1721808,Q16630585,1947-12-06,Владимир,Vladimir,Николай,Nikolay,Михайлович,Mikhailovich,ведущий эксперт,чрезвычайный и полномочный посол,Q137783787,генеральный секретариат (департамент),
43,1721812,Q15065088,1959-03-11,Волынкин,Volynkin,Иван,Ivan,Кириллович,Kirillovich,чрезвычайный и полномочный посол российской федерации,чрезвычайный и полномочный посол,Q137783787,посольство российской федерации в туркменистане,Q874
44,1722292,Q63075648,1964-01-26,Воробьева,Vorobyova,Людмила,Lyudmila,Георгиевна,Georgievna,директор департамента,чрезвычайный и полномочный посол,Q137783787,третий департамент азии,
45,996,Q124770455,1956-06-04,Вязалов,Vyazalov,Сергей,Sergey,Юрьевич,Yuryevich,генеральный директор мид россии,чрезвычайный и полномочный посол,Q137783787,руководство,Q159
46,834729,Q4132780,1960-06-14,Галузин,Galuzin,Михаил,Michael,Юрьевич,Yuryevich,заместитель министра иностранных дел российской федерации,чрезвычайный и полномочный посол,Q137783787,руководство,
47,834286,Q136816052,1960-04-02,Ганжа,Ganja,Сергей,Sergey,Павлович,Pavlovich,чрезвычайный и полномочный посол российской федерации,чрезвычайный и полномочный посол,Q137783787,посольство российской федерации в республике сингапур,Q334
48,834907,Q28497343,1953-05-01,Гармонин,Harmonin,Сергей,Sergey,Викторович,Viktorovich,чрезвычайный и полномочный посол российской федерации,чрезвычайный и полномочный посол,Q137783787,посольство российской федерации в швейцарской конфедерации,Q39
49,11517,Q15065272,1950-08-25,Гатилов,Gatilov,Геннадий,Gennady,Михайлович,Mikhailovich,постоянный представитель российской федерации,чрезвычайный и полномочный посол,Q137783787,"постоянное представительство российской федерации при отделении оон и других международных организациях в женеве, швейцарская конфедерация",Q39
50,834086,Q70252256,1957-03-01,Голованов,Golovanov,Михаил,Michael,Алексеевич,Alekseevich,чрезвычайный и полномочный посол российской федерации,чрезвычайный и полномочный посол,Q137783787,посольство российской федерации в республике джибути,Q977
51,1721815,Q124769907,1960-12-29,Голубовский,Golubovsky,Игорь,Igor,Леонидович,Leonidovich,постоянный представитель российской федерации,чрезвычайный и полномочный посол,Q137783787,"постоянное представительство российской федерации при продовольственной и сельскохозяйственной организации оон (фао) и др. мо со сходными функциями в риме, италия",Q38
52,839903,Q124771355,1973-11-09,Гончар,Gonchar,Денис,Denis,Владимирович,Vladimirovich,чрезвычайный и полномочный посол российской федерации,чрезвычайный и полномочный посол,Q137783787,посольство российской федерации в королевстве бельгия,Q31
53,846139,Q123291095,1960-09-03,Горлач,Gorlach,Юрий,Yuri,Андреевич,Andreevich,директор департамента,чрезвычайный и полномочный посол,Q137783787,департамент ситуационно-кризисный центр,
54,1722293,Q3596041,1960-07-01,Григорьев,Grigoriev,Семен,Semyon,Вячеславович,Vyacheslavovich,чрезвычайный и полномочный посол российской федерации,чрезвычайный и полномочный посол,Q137783787,посольство российской федерации в республике таджикистан,Q863
55,1722294,Q21638402,1963-08-31,Грицай,Gritsai,Сергей,Sergey,Николаевич,Nikolaevich,директор департамента,чрезвычайный и полномочный посол,Q137783787,департамент лингвистического обеспечения,
56,835957,Q62713977,1961-02-21,Грозов,Grozov,Андрей,Andrey,Юрьевич,Yuryevich,чрезвычайный и полномочный посол российской федерации,чрезвычайный и полномочный посол,Q137783787,посольство российской федерации в австрийской республике,Q40
57,836601,Q4150279,1954-06-25,Громыко,Gromyko,Игорь,Igor,Анатольевич,Anatolyevich,чрезвычайный и полномочный посол российской федерации,чрезвычайный и полномочный посол,Q137783787,посольство российской федерации в республике мали,Q912
58,168182,Q3658303,1955-04-25,Грушко,Grushko,Александр,Alexander,Викторович,Viktorovich,заместитель министра иностранных дел российской федерации,чрезвычайный и полномочный посол,Q137783787,руководство,
59,227,Q188296,1950-12-15,Грызлов,Gryzlov,Борис,Boris,Вячеславович,Vyacheslavovich,чрезвычайный и полномочный посол российской федерации,чрезвычайный и полномочный посол,Q137783787,посольство российской федерации в республике белоруссия,Q184
60,836046,Q21638568,1961-12-15,Гуськов,Guskov,Андрей,Andrey,Анатольевич,Anatolyevich,заместитель директора департамента,чрезвычайный и полномочный посол,Q137783787,латиноамериканский департамент,
61,838562,Q18613657,1960-05-14,Дарчиев,Darchiev,Александр,Alexander,Никитич,Nikitich,чрезвычайный и полномочный посол российской федерации,чрезвычайный и полномочный посол,Q137783787,посольство российской федерации в соединенных штатах америки,Q30
62,1722035,Q18238584,1960-09-26,Дедов,Dedov,Алексей,Alexey,Юрьевич,Yuryevich,чрезвычайный и полномочный посол российской федерации,чрезвычайный и полномочный посол,Q137783787,посольство российской федерации в исламской республике иран,Q794
63,842473,Q65147835,1966-09-21,Десятников,Desyatnikov,Глеб,Gleb,Феликсович,Felixovich,чрезвычайный и полномочный посол российской федерации,чрезвычайный и полномочный посол,Q137783787,посольство российской федерации в иорданском хашимитском королевстве,Q810
64,1722295,Q4159701,1957-09-07,Джагарян,Dzhagaryan,Леван,Levan,Семенович,Semenovich,чрезвычайный и полномочный посол российской федерации,чрезвычайный и полномочный посол,Q137783787,посольство российской федерации в демократической социалистической республике шри- ланка,Q854
65,841804,Q136815744,1974-11-24,Довгаленко,Dovgalenko,Татьяна,Tatiana,Евгеньевна,Evgenievna,директор департамента,чрезвычайный и полномочный посол,Q137783787,департамент партнерства с африкой,
66,836739,Q55104830,1967-03-06,Догадкин,Dogadkin,Дмитрий,Dmitry,Николаевич,Nikolaevich,чрезвычайный и полномочный посол российской федерации,чрезвычайный и полномочный посол,Q137783787,посольство российской федерации в государстве катар,Q846
67,1721825,Q131783603,1974-10-10,Дробинин,Drobinin,Алексей,Alexey,Юрьевич,Yuryevich,директор департамента (член коллегии),чрезвычайный и полномочный посол,Q137783787,департамент внешнеполитического планирования,
68,845813,Q18239098,1956-05-12,Евдокимов,Evdokimov,Игорь,Igor,Дмитриевич,Dmitrievich,чрезвычайный и полномочный посол российской федерации,чрезвычайный и полномочный посол,Q137783787,посольство российской федерации в республике бенин,Q962
69,1722037,Q120279638,1959-08-03,Евдокимов,Evdokimov,Михаил,Michael,Николаевич,Nikolaevich,чрезвычайный и полномочный посол российской федерации,чрезвычайный и полномочный посол,Q137783787,посольство российской федерации в азербайджанской республике,Q227
70,837490,Q116264650,1961-07-30,Евсиков,Evsikov,Алексей,Alexey,Николаевич,Nikolaevich,чрезвычайный и полномочный посол российской федерации,чрезвычайный и полномочный посол,Q137783787,посольство российской федерации в монголии,Q711
71,836227,Q28497991,1963-05-29,Егоров,Egorov,Александр,Alexander,Рэмович,Removich,чрезвычайный и полномочный посол российской федерации,чрезвычайный и полномочный посол,Q137783787,посольство российской федерации в республике гвинея-бисау,Q1007
72,844636,Q30880268,1960-10-28,Ерхов,Erkhov,Алексей,Alexey,Владимирович,Vladimirovich,чрезвычайный и полномочный посол российской федерации,чрезвычайный и полномочный посол,Q137783787,посольство российской федерации в республике узбекистан,Q265
73,836710,Q15206633,1958-05-27,Ефимов,Efimov,Александр,Alexander,Владимирович,Vladimirovich,чрезвычайный и полномочный посол российской федерации,чрезвычайный и полномочный посол,Q137783787,посольство российской федерации в сирийской арабской республике,Q858
74,842998,Q56308102,1967-03-05,Желтов,Zheltov,Владимир,Vladimir,Филиппович,Filippovich,чрезвычайный и полномочный посол российской федерации,чрезвычайный и полномочный посол,Q137783787,посольство российской федерации в государстве кувейт,Q817
75,837083,Q109492160,1955-09-18,Жилко,Zhilko,Борис,Boris,Анатольевич,Anatolyevich,,чрезвычайный и полномочный посол,Q137783787,,
76,834257,Q124769641,1967-11-22,Загайнов,Zagainov,Евгений,Evgeny,Тимофеевич,Timofeevich,постоянный представитель российской федерации,чрезвычайный и полномочный посол,Q137783787,"постоянное представительство российской федерации при асеан в джакарте, индонезия",Q252
77,1722042,Q20812953,1975-12-24,Захарова,Zakharova,Мария,Maria,Владимировна,Vladimirovna,директор департамента (член коллегии),чрезвычайный и полномочный посол,Q137783787,департамент информации и печати,
78,1722043,Q15066985,1972-02-20,Зейналова,Zeynalova,Ирада,Irada,Автандиловна,Avtandilovna,чрезвычайный и полномочный посол российской федерации,чрезвычайный и полномочный посол,Q137783787,посольство российской федерации в республике маврикий,Q1027
79,1721831,Q123731017,1967-05-01,Зиновьев,Zinoviev,Георгий,George,Вениаминович,Veniaminovich,чрезвычайный и полномочный посол российской федерации,чрезвычайный и полномочный посол,Q137783787,посольство российской федерации в республике корея,Q884
80,841896,Q18242464,1957-07-14,Змеевский,Zmeevsky,Александр,Alexander,Владимирович,Vladimirovich,,чрезвычайный и полномочный посол,Q137783787,,
81,1722296,Q15067127,1959-09-17,Золотов,Zolotov,Александр,Alexander,Юрьевич,Yuryevich,чрезвычайный и полномочный посол российской федерации,чрезвычайный и полномочный посол,Q137783787,посольство российской федерации в тунисской республике,Q948
82,840928,Q60836056,1958-12-26,Зуев,Zuev,Георгий,George,Викторович,Viktorovich,чрезвычайный и полномочный посол российской федерации,чрезвычайный и полномочный посол,Q137783787,посольство российской федерации в новой зеландии,Q664
83,1737,Q561800,1957-09-10,Зязиков,Zyazikov,Мурат,Murat,Магометович,Magometovich,чрезвычайный и полномочный посол российской федерации,чрезвычайный и полномочный посол,Q137783787,посольство российской федерации в республике кипр,Q229
84,1722044,Q138609583,1961-04-04,Иванов,Ivanov,Андрей,Andrey,Павлович,Pavlovich,директор департамента,чрезвычайный и полномочный посол,Q137783787,департамент кадров,
85,60756,Q124770196,1974-02-14,Иванов,Ivanov,Евгений,Evgeny,Сергеевич,Sergeevich,статс-секретарь-заместитель министра иностранных дел россии,чрезвычайный и полномочный посол,Q137783787,руководство,Q159
86,840894,Q109486604,1960-05-01,Исаков,Isakov,Алексей,Alexey,Викторович,Viktorovich,чрезвычайный и полномочный посол российской федерации,чрезвычайный и полномочный посол,Q137783787,посольство российской федерации в восточной республике уругвай,Q77
87,842871,Q106355035,1965-10-20,Искандаров,Iskandarov,Ильяс,Ilyas,Фархадович,Farhadovich,чрезвычайный и полномочный посол российской федерации,чрезвычайный и полномочный посол,Q137783787,посольство российской федерации в республике конго,Q974
88,1721835,Q4206757,1954-06-22,Кабулов,Kabulov,Замир,Zamir,Набиевич,Nabievich,директор департамента (член коллегии),чрезвычайный и полномочный посол,Q137783787,второй департамент азии,
89,836855,Q109487598,1961-03-13,Калабухов,Kalabukhov,Игорь,Igor,Андреевич,Andreevich,чрезвычайный и полномочный посол российской федерации,чрезвычайный и полномочный посол,Q137783787,посольство российской федерации в боснии и герцеговине,Q225
90,844311,Q4211833,1956-08-13,Камынин,Kamynin,Михаил,Michael,Леонидович,Leonidovich,чрезвычайный и полномочный посол российской федерации,чрезвычайный и полномочный посол,Q137783787,посольство российской федерации в португальской республике,Q45
91,846211,Q15845826,1957-05-15,Келин,Kelin,Андрей,Andrey,Владимирович,Vladimirovich,чрезвычайный и полномочный посол российской федерации,чрезвычайный и полномочный посол,Q137783787,посольство российской федерации в соединенном королевстве великобритании и северной ирландии,Q145
91,846211,Q15845826,1957-05-15,Келин,Kelin,Андрей,Andrey,Владимирович,Vladimirovich,чрезвычайный и полномочный посол российской федерации,чрезвычайный и полномочный посол,Q137783787,посольство российской федерации в соединенном королевстве великобритании и северной ирландии,Q27
92,840271,Q4759182,1955-01-01,Кемарский,Kemarsky,Андрей,Andrey,Вадимович,Vadimovich,чрезвычайный и полномочный посол российской федерации,чрезвычайный и полномочный посол,Q137783787,посольство российской федерации в республике ботсвана,Q963
93,1721838,Q4719314,1962-10-20,Кинщак,Kinshchak,Александр,Alexander,Александрович,Alexandrovich,директор департамента,чрезвычайный и полномочный посол,Q137783787,департамент ближнего востока и северной африки,
94,841377,Q115280763,1959-09-04,Клименко,Klimenko,Юрий,Yuri,Николаевич,Nikolaevich,чрезвычайный и полномочный посол российской федерации,чрезвычайный и полномочный посол,Q137783787,посольство российской федерации в королевстве испания,Q29
95,842776,Q124770248,1959-05-06,Климов,Klimov,Алексей,Alexey,Владимирович,Vladimirovich,директор департамента,чрезвычайный и полномочный посол,Q137783787,консульский департамент,
96,834855,Q43428694,1966-06-16,Климовский,Klimovsky,Константин,Konstantin,Вячеславович,Vyacheslavovich,чрезвычайный и полномочный посол российской федерации,чрезвычайный и полномочный посол,Q137783787,посольство российской федерации в республике маврикий,Q1027
97,835245,Q98609670,1974-12-07,Кожин,Kozhin,Артём,Artyom,Александрович,Alexandrovich,чрезвычайный и полномочный посол российской федерации,чрезвычайный и полномочный посол,Q137783787,посольство российской федерации в республике сейшельские острова,Q1042
98,841087,Q15069041,1955-03-14,Козлов,Kozlov,Сергей,Sergey,Георгиевич,Georgievich,чрезвычайный и полномочный посол российской федерации,чрезвычайный и полномочный посол,Q137783787,посольство российской федерации в королевстве саудовская аравия,Q851
99,840464,Q56307557,1962-12-14,Копыркин,Kopyrkin,Сергей,Sergey,Павлович,Pavlovich,чрезвычайный и полномочный посол российской федерации,чрезвычайный и полномочный посол,Q137783787,посольство российской федерации в республике армения,Q399
100,839948,Q4233966,1958-02-09,Коронелли,Coronelli,Виктор,Victor,Викторович,Viktorovich,чрезвычайный и полномочный посол российской федерации,чрезвычайный и полномочный посол,Q137783787,посольство российской федерации в республике куба,Q241
101,1721848,Q123156588,1964-09-05,Корчунов,Korchunov,Николай,Nikolay,Викторович,Viktorovich,чрезвычайный и полномочный посол российской федерации,чрезвычайный и полномочный посол,Q137783787,посольство российской федерации в королевстве норвегия,Q20
102,835121,Q15070319,1954-01-16,Кошкин,Koshkin,Сергей,Sergey,Николаевич,Nikolaevich,,чрезвычайный и полномочный посол,Q137783787,,
103,845643,Q15070631,1958-01-26,Кудашев,Kudashev,Николай,Nikolay,Ришатович,Rishatovich,чрезвычайный и полномочный посол российской федерации,чрезвычайный и полномочный посол,Q137783787,посольство российской федерации в республике сингапур,Q334
104,843202,Q4245044,1958-08-10,Кузнецов,Kuznetsov,Павел,Paul,Маратович,Maratovich,чрезвычайный и полномочный посол российской федерации,чрезвычайный и полномочный посол,Q137783787,посольство российской федерации в финляндской республике,Q33
105,841443,Q4245337,1953-06-24,Кузьмин,Kuzmin,Валерий,Valery,Иванович,Ivanovich,,чрезвычайный и полномочный посол,Q137783787,,
106,1721858,Q2563234,1959-08-06,Кулахметов,Kulakhmetov,Марат,Marat,Минюрович,Minyurovich,чрезвычайный и полномочный посол российской федерации,чрезвычайный и полномочный посол,Q137783787,посольство российской федерации в республике южная осетия,Q23427
107,843662,Q60827388,1953-11-13,Кулик,Sandpiper,Андрей,Andrey,Борисович,Borisovich,,чрезвычайный и полномочный посол,Q137783787,,
108,1721860,Q4246562,1953-08-06,Кульмухаметов,Kulmukhametov,Азамат,Azamat,Рахметович,Rakhmetovich,советник министра,чрезвычайный и полномочный посол,Q137783787,генеральный секретариат (департамент),
109,834214,Q16668903,1961-09-13,Кураков,Kurakov,Дмитрий,Dmitry,Викторович,Viktorovich,чрезвычайный и полномочный посол российской федерации,чрезвычайный и полномочный посол,Q137783787,посольство российской федерации в республике сенегал,Q1041
110,843395,Q55653779,1959-05-16,Курмаз,Kurmaz,Александр,Alexander,Сергеевич,Sergeevich,,чрезвычайный и полномочный посол,Q137783787,,
111,836909,Q18244769,1957-11-12,Лабецкий,Labetsky,Алексей,Alexey,Казимирович,Kazimirovich,чрезвычайный и полномочный посол российской федерации,чрезвычайный и полномочный посол,Q137783787,посольство российской федерации в федеративной республике бразилии,Q155
112,666,Q58217,1950-03-21,Лавров,Lavrov,Сергей,Sergey,Викторович,Viktorovich,министр иностранных дел российской федерации,чрезвычайный и полномочный посол,Q137783787,руководство,
113,844887,Q97661636,1956-10-05,Латыпов,Latypov,Наиль,Nail,Мазгутович,Mazgutovich,чрезвычайный и полномочный посол российской федерации,чрезвычайный и полномочный посол,Q137783787,посольство российской федерации в малайзии,Q833
114,1722297,Q109487647,1962-12-13,Леденев,Ledenev,Михаил,Michael,Николаевич,Nikolaevich,чрезвычайный и полномочный посол российской федерации,чрезвычайный и полномочный посол,Q137783787,посольство российской федерации в республике никарагуа,Q811
115,844639,Q111033873,1959-02-06,Липаев,Lipaev,Владимир,Vladimir,Георгиевич,Georgievich,чрезвычайный и полномочный посол российской федерации,чрезвычайный и полномочный посол,Q137783787,посольство российской федерации в румынии,Q218
116,837422,Q109486621,1957-10-23,Лобанов,Lobanov,Дмитрий,Dmitry,Дмитриевич,Dmitrievich,чрезвычайный и полномочный посол российской федерации,чрезвычайный и полномочный посол,Q137783787,посольство российской федерации в великом герцогстве люксембург,Q32
117,1721865,Q15071283,1958-12-20,Лобач,Lobach,Дмитрий,Dmitry,Анатольевич,Anatolyevich,чрезвычайный и полномочный посол российской федерации,чрезвычайный и полномочный посол,Q137783787,посольство российской федерации в республике намибии,Q1030
118,1721867,Q109495897,1958-03-21,Лопухов,Lopukhov,Андрей,Andrey,Георгиевич,Georgievich,чрезвычайный и полномочный посол российской федерации,чрезвычайный и полномочный посол,Q137783787,посольство российской федерации в республике мальта,Q233
119,836348,Q23656173,1959-01-27,Лукашевич,Lukashevich,Александр,Alexander,Казимирович,Kazimirovich,постоянный представитель российской федерации,чрезвычайный и полномочный посол,Q137783787,"постоянное представительство российской федерации при уставных и других органах содружества независимых государств в минске, республика белоруссия",
120,842601,Q28836368,1959-07-02,Лукашик,Lukashik,Александр,Alexander,Петрович,Petrovich,чрезвычайный и полномочный посол российской федерации,чрезвычайный и полномочный посол,Q137783787,посольство российской федерации в черногории,Q236
122,839295,Q21104570,1967-12-01,Любинский,Lyubinsky,Дмитрий,Dmitry,Евгеньевич,Evgenievich,заместитель министра иностранных дел российской федерации,чрезвычайный и полномочный посол,Q137783787,руководство,
123,843002,Q56308093,1961-01-27,Максимычев,Maksimychev,Дмитрий,Dmitry,Игоревич,Igorevich,,чрезвычайный и полномочный посол,Q137783787,,
124,1721876,Q4277568,1947-09-03,Малаян,Malayan,Эдуард,Edward,Рубенович,Rubenovich,ведущий эксперт,чрезвычайный и полномочный посол,Q137783787,генеральный секретариат (департамент),
125,1721878,Q4279408,1957-01-09,Мальгинов,Malginov,Олег,Oleg,Сергеевич,Sergeevich,,чрезвычайный и полномочный посол,Q137783787,,
126,1721879,Q18740960,1955-11-06,Мантыцкий,Mantytsky,Александр,Alexander,Викентьевич,Vikentyevich,,чрезвычайный и полномочный посол,Q137783787,,
127,841817,Q71164408,1969-07-11,Масленников,Maslennikov,Владислав,Vladislav,Владиславович,Vladislavovich,директор департамента,чрезвычайный и полномочный посол,Q137783787,департамент европейских проблем,
128,836311,Q18245833,1955-07-21,Маслов,Maslov,Андрей,Andrey,Михайлович,Mikhailovich,чрезвычайный и полномочный посол российской федерации,чрезвычайный и полномочный посол,Q137783787,посольство российской федерации в греческой республике,Q41
129,843384,Q41199641,1953-09-12,Материй,Materials,Юрий,Yuri,Борисович,Borisovich,чрезвычайный и полномочный посол российской федерации,чрезвычайный и полномочный посол,Q137783787,посольство российской федерации в республике кабо-верде,Q1011
130,845971,Q21106538,1955-11-21,Мацегора,Matsegora,Александр,Alexander,Иванович,Ivanovich,чрезвычайный и полномочный посол российской федерации,чрезвычайный и полномочный посол,Q137783787,посольство российской федерации в корейской народно-демократической республике,Q423
131,846103,Q97459498,1968-12-12,Мелик-Багдасаров,Melik-Bagdasarov,Сергей,Sergey,Михайлович,Mikhailovich,чрезвычайный и полномочный посол российской федерации,чрезвычайный и полномочный посол,Q137783787,посольство российской федерации в боливарианской республике венесуэла,Q717
132,11519,Q2643961,1959-08-22,Мешков,Meshkov,Алексей,Alexey,Юрьевич,Yuryevich,чрезвычайный и полномочный посол российской федерации,чрезвычайный и полномочный посол,Q137783787,посольство российской федерации во французской республике,Q142
133,129584,Q3050754,1953-06-11,Митрофанова,Mitrofanov,Элеонора,Eleanor,Валентиновна,Valentinovna,чрезвычайный и полномочный посол российской федерации,чрезвычайный и полномочный посол,Q137783787,посольство российской федерации в республике болгарии,Q219
134,838528,Q18246235,1955-10-20,Михайлов,Mikhailov,Валерий,Valery,Александрович,Alexandrovich,,чрезвычайный и полномочный посол,Q137783787,,
135,11521,Q4302421,1961-05-04,Моргулов,Morgulov,Игорь,Igor,Владимирович,Vladimirovich,чрезвычайный и полномочный посол российской федерации,чрезвычайный и полномочный посол,Q137783787,посольство российской федерации в китайской народной республике,Q865
136,1721887,Q15073486,1959-01-29,Моргунов,Morgunov,Илья,Ilya,Анатольевич,Anatolyevich,,чрезвычайный и полномочный посол,Q137783787,,
137,11523,Q1000053,1962-02-26,Небензя,Nebenzya,Василий,Vasily,Алексеевич,Alekseevich,постоянный представитель российской федерации,чрезвычайный и полномочный посол,Q137783787,"постоянное представительство российской федерации при оон в нью-йорке, соединенные штаты америки",Q30
138,841742,Q4317737,1955-05-03,Нестеренко,Nesterenko,Андрей,Andrey,Алексеевич,Alekseevich,,чрезвычайный и полномочный посол,Q137783787,,
139,833811,Q4318244,1953-06-02,Нечаев,Nechaev,Сергей,Sergey,Юрьевич,Yuryevich,чрезвычайный и полномочный посол российской федерации,чрезвычайный и полномочный посол,Q137783787,посольство российской федерации в федеративной республике германия,Q183
140,837090,Q70254899,1960-08-13,Новиков,Novikov,Алексей,Alexey,Алексеевич,Alekseevich,,чрезвычайный и полномочный посол,Q137783787,,
141,841195,Q124770075,1959-02-14,Нуризаде,Nurizade,Александр,Alexander,Беюкович,Bejukovich,чрезвычайный и полномочный посол российской федерации,чрезвычайный и полномочный посол,Q137783787,посольство российской федеоации в хорватии,Q224
142,63632,Q18634693,1967-06-14,Овечко,Sheep,Геннадий,Gennady,Алексеевич,Alekseevich,директор департамента,чрезвычайный и полномочный посол,Q137783787,департамент по работе с соотечественниками за рубежом,
143,842714,Q131305457,1966-08-08,Овчинников,Ovchinnikov,Алексей,Alexey,Михайлович,Mikhailovich,директор департамента,чрезвычайный и полномочный посол,Q137783787,департамент азиатского и тихоокеанского сотрудничества,
144,1722058,Q4332124,1958-08-20,Озеров,Ozerov,Олег,Oleg,Борисович,Borisovich,чрезвычайный и полномочный посол российской федерации,чрезвычайный и полномочный посол,Q137783787,посольство российской федерации в республике молдова,Q217
145,100,Q4339012,1976-01-14,Островский,Ostrovsky,Алексей,Alexey,Владимирович,Vladimirovich,генеральный директор мид россии,чрезвычайный и полномочный посол,Q137783787,руководство,Q159
146,845796,Q65148465,1962-12-16,Павловский,Pavlovsky,Алексей,Alexey,Викторович,Viktorovich,директор департамента,чрезвычайный и полномочный посол,Q137783787,второй департамент азии,
147,60757,Q64401399,1963-06-25,Панкин,Pankin,Александр,Alexander,Анатольевич,Anatolyevich,заместитель министра иностранных дел российской федерации,чрезвычайный и полномочный посол,Q137783787,руководство,
148,1722063,Q120281156,1962-01-01,Парамонов,Paramonov,Алексей,Alexey,Владимирович,Vladimirovich,чрезвычайный и полномочный посол российской федерации,чрезвычайный и полномочный посол,Q137783787,посольство российской федерации в итальянской республике,Q38
149,1721900,Q15079490,1959-09-27,Петраков,Petrakov,Михаил,Michael,Иванович,Ivanovich,чрезвычайный и полномочный посол российской федерации,чрезвычайный и полномочный посол,Q137783787,посольство российской федерации в австралии,Q408
150,841284,NONE,1962-12-14,Петров,Petrov,Сергей,Sergey,Владимирович,Vladimirovich,посол по особым поручениям,чрезвычайный и полномочный посол,Q137783787,группа послов по особым поручениям мид российской федерации,
151,843103,Q109492484,1969-02-08,Петрович,Petrovich,Сергей,Sergey,Святославович,Svyatoslavovich,чрезвычайный и полномочный посол российской федерации,чрезвычайный и полномочный посол,Q137783787,посольство российской федерации на ямайке,Q766
152,1721901,Q124770727,1967-06-14,Пилипсон,Pilipson,Юрий,Yuri,Валентинович,Valentinovich,директор департамента,чрезвычайный и полномочный посол,Q137783787,четвертый европейский департамент,
153,1722067,Q109486517,1956-05-16,Писарев,Pisarev,Александр,Alexander,Борисович,Borisovich,чрезвычайный и полномочный посол российской федерации,чрезвычайный и полномочный посол,Q137783787,посольство российской федерации в республике парагвай,Q733
154,1721905,Q131783564,1962-07-01,Подъёлышев,Podyolyshev,Андрей,Andrey,Леонидович,Leonidovich,чрезвычайный и полномочный посол российской федерации,чрезвычайный и полномочный посол,Q137783787,посольство российской федерации в федеративной республике нигерии,Q1033
156,837476,Q4718737,1959-04-19,Поляков,Polyakov,Александр,Alexander,Дмитриевич,Dmitrievich,чрезвычайный и полномочный посол российской федерации,чрезвычайный и полномочный посол,Q137783787,посольство российской федерации в республике руанда,Q1037
157,836110,Q64493057,1971-08-28,Полянский,Polyansky,Дмитрий,Dmitry,Алексеевич,Alekseevich,постоянный представитель российской федерации,чрезвычайный и полномочный посол,Q137783787,"постоянное представительство российской федерации при организации по безопасности и сотрудничеству в европе (обсе) в вене, австрийская республика",Q40
158,1721906,Q136816181,1960-05-06,Прицепов,Pritsepov,Андрей,Andrey,Анатольевич,Anatolyevich,чрезвычайный и полномочный посол российской федерации,чрезвычайный и полномочный посол,Q137783787,"посольство российской федерации в кооперативной республике гайана, сент-винсенте и гренадинах, республике тринидад и тобаго по совместительству",Q757
158,1721906,Q136816181,1960-05-06,Прицепов,Pritsepov,Андрей,Andrey,Анатольевич,Anatolyevich,чрезвычайный и полномочный посол российской федерации,чрезвычайный и полномочный посол,Q137783787,"посольство российской федерации в кооперативной республике гайана, сент-винсенте и гренадинах, республике тринидад и тобаго по совместительству",Q754
158,1721906,Q136816181,1960-05-06,Прицепов,Pritsepov,Андрей,Andrey,Анатольевич,Anatolyevich,чрезвычайный и полномочный посол российской федерации,чрезвычайный и полномочный посол,Q137783787,"посольство российской федерации в кооперативной республике гайана, сент-винсенте и гренадинах, республике тринидад и тобаго по совместительству",Q734
159,837335,Q4389751,1955-05-04,Рамишвили,Ramishvili,Теймураз,Teimuraz,Отарович,Otarovich,,чрезвычайный и полномочный посол,Q137783787,,
160,1721913,Q70254811,1962-06-10,Рогачев,Rogachev,Илья,Ilya,Игоревич,Igorevich,чрезвычайный и полномочный посол российской федерации,чрезвычайный и полномочный посол,Q137783787,посольство российской федерации в южно-африканской республике,Q258
161,834728,Q60827981,1958-03-06,Романченко,Romanchenko,Игорь,Igor,Владимирович,Vladimirovich,,чрезвычайный и полномочный посол,Q137783787,,
162,837763,Q98593930,1962-07-22,Рудаков,Rudakov,Александр,Alexander,Николаевич,Nikolaevich,чрезвычайный и полномочный посол российской федерации,чрезвычайный и полномочный посол,Q137783787,посольство российской федерации в ливанской республике,Q822
163,376748,Q85820751,1962-09-24,Руденко,Rudenko,Андрей,Andrey,Юрьевич,Yuryevich,заместитель министра иностранных дел российской федерации,чрезвычайный и полномочный посол,Q137783787,руководство,
164,11522,Q4402403,1960-07-08,Рябков,Ryabkov,Сергей,Sergey,Алексеевич,Alekseevich,заместитель министра иностранных дел российской федерации,чрезвычайный и полномочный посол,Q137783787,руководство,
165,838740,Q29225113,1964-03-29,Сафронков,Safronkov,Владимир,Vladimir,Карпович,Karpovich,посол по особым поручениям,чрезвычайный и полномочный посол,Q137783787,группа послов по особым поручениям мид российской федерации,
166,1721923,Q21152631,1961-11-27,Семиволос,Semivolos,Владлен,Vladlen,Станиславович,Stanislavovich,чрезвычайный и полномочный посол российской федерации,чрезвычайный и полномочный посол,Q137783787,посольство российской федерации в республике уганда,Q1036
167,843788,Q40037788,1965-06-28,Сентебов,Sentebov,Алексей,Alexey,Леонидович,Leonidovich,,чрезвычайный и полномочный посол,Q137783787,,
168,5372,Q102428569,1960-01-16,Сентюрин,Senturin,Юрий,Yuri,Петрович,Petrovich,посол по особым поручениям,чрезвычайный и полномочный посол,Q137783787,группа послов по особым поручениям мид российской федерации,
169,846085,Q56308082,1953-01-23,Соколенко,Sokolenko,Владимир,Vladimir,Григорьевич,Grigorievich,чрезвычайный и полномочный посол российской федерации,чрезвычайный и полномочный посол,Q137783787,посольство российской федерации в республике чад,Q657
170,840009,Q15076897,1967-02-24,Соломатин,Solomatin,Алексей,Alexey,Владимирович,Vladimirovich,чрезвычайный и полномочный посол российской федерации,чрезвычайный и полномочный посол,Q137783787,посольство российской федерации в алжирской народной демократической республике,Q262
171,838236,Q28500596,1955-04-06,Солтановский,Soltanovsky,Иван,Ivan,Дмитриевич,Dmitrievich,чрезвычайный и полномочный посол российской федерации,чрезвычайный и полномочный посол,Q137783787,посольство российской федерации в ватикане,Q237
172,836951,Q18741037,1956-06-11,Сорокин,Sorokin,Виктор,Victor,Александрович,Alexandrovich,заместитель директора департамента,чрезвычайный и полномочный посол,Q137783787,второй департамент стран снг,
173,1721929,Q15076779,1958-02-10,Софинский,Sofinsky,Николай,Nikolay,Всеволодович,Vsevolodovich,чрезвычайный и полномочный посол российской федерации,чрезвычайный и полномочный посол,Q137783787,посольство российской федерации в мексиканских соединенных штатах,Q96
174,839973,Q41573926,1957-08-31,Спринчан,Sprinchan,Владимир,Vladimir,Иванович,Ivanovich,чрезвычайный и полномочный посол российской федерации,чрезвычайный и полномочный посол,Q137783787,посольство российской федерации в республике эквадор,Q736
175,844095,Q107262941,1960-12-22,Станиславов,Stanislavov,Евгений,Evgeny,Арнольдович,Arnoldovich,чрезвычайный и полномочный посол российской федерации,чрезвычайный и полномочный посол,Q137783787,посольство российской федерации в венгрии,Q28
176,844593,Q109489862,1972-03-08,Степанов,Stepanov,Олег,Oleg,Владимирович,Vladimirovich,чрезвычайный и полномочный посол российской федерации,чрезвычайный и полномочный посол,Q137783787,посольство российской федерации в канаде,Q16
177,1721930,Q124770427,1966-01-20,Стерник,Sternik,Александр,Alexander,Вадимович,Vadimovich,директор департамента (член коллегии),чрезвычайный и полномочный посол,Q137783787,третий департамент стран снг,
178,1722072,Q136815498,1968-12-24,Студенников,Studennikov,Артем,Artem,Игоревич,Igorevich,директор департамента,чрезвычайный и полномочный посол,Q137783787,первый европейский департамент,
179,844677,Q40039888,1956-04-05,Суриков,Surikov,Александр,Alexander,Васильевич,Vasilievich,чрезвычайный и полномочный посол российской федерации,чрезвычайный и полномочный посол,Q137783787,посольство российской федерации в республике мозамбик,Q1029
180,839914,Q23656586,1956-01-21,Тавдумадзе,Tavdumadze,Николай,Nikolay,Карлович,Karlovich,чрезвычайный и полномочный посол российской федерации,чрезвычайный и полномочный посол,Q137783787,посольство российской федерации в республике колумбии,Q739
181,1722298,Q18278475,1957-01-10,Тарабрин,Tarabrin,Владимир,Vladimir,Евгеньевич,Evgenievich,чрезвычайный и полномочный посол российской федерации,чрезвычайный и полномочный посол,Q137783787,посольство российской федерации в королевстве нидерландов,Q29999
182,843326,Q39082657,1960-04-22,Тараров,Tararov,Владимир,Vladimir,Николаевич,Nikolaevich,чрезвычайный и полномочный посол российской федерации,чрезвычайный и полномочный посол,Q137783787,посольство российской федерации в республике мозамбик,Q1029
183,841280,Q15074664,1954-10-23,Татаринцев,Tatarintsev,Виктор,Victor,Иванович,Ivanovich,,чрезвычайный и полномочный посол,Q137783787,,
184,844851,Q65129933,1958-05-06,Терехин,Terekhin,Евгений,Evgeny,Евгеньевич,Evgenievich,чрезвычайный и полномочный посол российской федерации,чрезвычайный и полномочный посол,Q137783787,посольство российской федерации в федеративной демократической республике эфиопии,Q115
185,5352,Q4458253,1958-07-28,Титов,Titov,Владимир,Vladimir,Геннадиевич,Gennadievich,,чрезвычайный и полномочный посол,Q137783787,,
186,1722299,Q18409512,1960-10-09,Ткаченко,Tkachenko,Всеволод,Vsevolod,Игоревич,Igorevich,чрезвычайный и полномочный посол российской федерации,чрезвычайный и полномочный посол,Q137783787,посольство российской федерации в республике кении,Q114
187,1721939,Q19916949,1964-06-20,Тодуа,Todua,Георгий,George,Владимирович,Vladimirovich,чрезвычайный и полномочный посол российской федерации,чрезвычайный и полномочный посол,Q137783787,посольство российской федерации в республике камерун,Q1009
188,835732,Q15071540,1956-10-12,Токовинин,Tokovinin,Александр,Alexander,Аврельевич,Avrelevich,чрезвычайный и полномочный посол российской федерации,чрезвычайный и полномочный посол,Q137783787,посольство российской федерации в королевстве бельгия,Q31
189,835659,Q65128394,1966-02-04,Томихин,Tomikhin,Евгений,Evgeny,Юрьевич,Yuryevich,чрезвычайный и полномочный посол российской федерации,чрезвычайный и полномочный посол,Q137783787,посольство российской федерации в королевстве таиланд,Q869
190,1721944,Q124770092,1968-04-24,Тяпкин,Tyapkin,Олег,Oleg,Николаевич,Nikolaevich,директор департамента (член коллегии),чрезвычайный и полномочный посол,Q137783787,третий европейский департамент,
191,844585,Q24668916,1962-01-19,Удовиченко,Udovichenko,Николай,Nikolay,Николаевич,Nikolaevich,,чрезвычайный и полномочный посол,Q137783787,,
192,838829,Q56308285,1958-08-23,Ульянов,Ulyanov,Михаил,Michael,Иванович,Ivanovich,постоянный представитель российской федерации,чрезвычайный и полномочный посол,Q137783787,"постоянное представительство российской федерации при международных организациях в вене, австрийская республика",Q40
193,840276,Q60827702,1967-11-09,Феоктистов,Feoktistov,Дмитрий,Dmitry,Валерьевич,Valerievich,чрезвычайный и полномочный посол российской федерации,чрезвычайный и полномочный посол,Q137783787,посольство российской федерации в аргентинской республике,Q414
194,834900,Q18741066,1957-12-09,Филатов,Filatov,Юрий,Yuri,Анатольевич,Anatolyevich,чрезвычайный и полномочный посол российской федерации,чрезвычайный и полномочный посол,Q137783787,посольство российской федерации в ирландии,Q27
195,1722075,Q16713162,1950-07-19,Хакимов,Khakimov,Бахтиер,Bakhtiyer,Маруфович,Marufovich,советник министра,чрезвычайный и полномочный посол,Q137783787,генеральный секретариат (департамент),
196,837479,Q21857272,1962-01-18,Ховаев,Khovaev,Игорь,Igor,Анатольевич,Anatolyevich,посол по особым поручениям,чрезвычайный и полномочный посол,Q137783787,группа послов по особым поручениям мид российской федерации,
198,842497,Q47453478,1957-04-12,Хохоликов,Khokholikov,Александр,Alexander,Николаевич,Nikolaevich,,чрезвычайный и полномочный посол,Q137783787,,
199,835670,Q56308208,1955-08-24,Чальян,Chalyan,Карэн,Karen,Драстаматович,Drastamatovich,чрезвычайный и полномочный посол российской федерации,чрезвычайный и полномочный посол,Q137783787,посольство российской федерации в республике экваториальная гвинея,Q983
200,838368,Q84721860,1968-10-31,Чепик,Chepik,Георгий,George,Юрьевич,Yuryevich,чрезвычайный и полномочный посол российской федерации,чрезвычайный и полномочный посол,Q137783787,посольство российской федерации в республике конго (браззавиль),Q971
201,837029,Q18280162,1957-11-05,Шведов,Swedes,Андрей,Andrey,Владимирович,Vladimirovich,заместитель директора департамента,чрезвычайный и полномочный посол,Q137783787,историко-документальный департамент,
202,1721334,Q827054,1948-09-05,Швыдкой,Shvydkoy,Михаил,Michael,Ефимович,Efimovich,советник министра,чрезвычайный и полномочный посол,Q137783787,генеральный секретариат (департамент),
203,834050,Q64011214,1959-07-09,Шебаршин,Shebarshin,Алексей,Alexey,Леонидович,Leonidovich,чрезвычайный и полномочный посол российской федерации,чрезвычайный и полномочный посол,Q137783787,посольство российской федерации в федеративной республике нигерии,Q1033
204,837194,Q4527247,1955-03-16,Шуваев,Shuvaev,Валерьян,Valerian,Владимирович,Vladimirovich,чрезвычайный и полномочный посол российской федерации,чрезвычайный и полномочный посол,Q137783787,посольство российской федерации в алжирской народной демократической республике,Q262
205,1721962,Q4527271,1953-12-12,Шувалов,Shuvalov,Константин,Konstantin,Викторович,Viktorovich,посол по особым поручениям,чрезвычайный и полномочный посол,Q137783787,группа послов по особым поручениям мид российской федерации,
206,846335,Q4527538,1951-03-29,Шульгин,Shulgin,Александр,Alexander,Васильевич,Vasilievich,,чрезвычайный и полномочный посол,Q137783787,,
207,1722079,Q124770193,1962-05-01,Щетинин,Shchetinin,Александр,Alexander,Валентинович,Valentinovich,директор департамента (член коллегии),чрезвычайный и полномочный посол,Q137783787,латиноамериканский департамент,
209,838553,Q21820702,1960-02-20,Ярахмедов,Yarakhmedov,Азим,Azim,Алаудинович,Alaudinovich,чрезвычайный и полномочный посол российской федерации,чрезвычайный и полномочный посол,Q137783787,посольство российской федерации в республике замбии,Q953
210,844886,Q28839968,1967-08-23,Аганин,Aganin,Айдар,Aidar,Рашидович,Rashidovich,чрезвычайный и полномочный посол российской федерации,чрезвычайный и полномочный посланник 1 класса,Q139927408,посольство российской федерации в государстве ливия,Q1016
213,1722031,Q130286204,1973-03-02,Белинский,Belinsky,Владимир,Vladimir,Григорьевич,Grigorievich,чрезвычайный и полномочный посол российской федерации,чрезвычайный и полномочный посланник 1 класса,Q139927408,посольство российской федерации в республике чили,Q298
214,842283,Q40029902,1967-05-06,Беляев,Belyaev,Игорь,Igor,Алексеевич,Alekseevich,заместитель директора департамента,чрезвычайный и полномочный посланник 1 класса,Q139927408,департамент ближнего востока и северной африки,
215,1722301,Q109494080,1966-01-19,Бердников,Berdnikov,Сергей,Sergey,Леонидович,Leonidovich,чрезвычайный и полномочный посол российской федерации,чрезвычайный и полномочный посланник 1 класса,Q139927408,посольство российской федерации в республике зимбабве,Q954
216,844716,Q112992859,1960-10-16,Бикантов,Bikantov,Александр,Alexander,Михайлович,Mikhailovich,чрезвычайный и полномочный посол российской федерации,чрезвычайный и полномочный посланник 1 класса,Q139927408,посольство российской федерации в центральноафриканской республике,Q929
221,840890,Q28497262,1959-09-05,Векленко,Veklenko,Андрей,Andrey,Викторович,Viktorovich,заместитель директора департамента,чрезвычайный и полномочный посланник 1 класса,Q139927408,департамент северной америки,
224,835919,Q65148735,1970-06-12,Ганич,Ganich,Данила,Danila,Викторович,Viktorovich,чрезвычайный и полномочный посол российской федерации,чрезвычайный и полномочный посланник 1 класса,Q139927408,посольство российской федерации в исламской республике пакистан,Q843
228,1722305,Q124769825,1975-06-27,Даудов,Daudov,Турко,Turco,,,постоянный представитель российской федерации,чрезвычайный и полномочный посланник 1 класса,Q139927408,"постоянное представительство российской федерации при организации исламского сотрудничества в джидде, королевство саудовская аравия",Q851
229,839476,Q55104407,1967-03-05,Двинянин,Dvinyanin,Алексей,Alexey,Аркадьевич,Arkadyevich,заместитель директора департамента,чрезвычайный и полномочный посланник 1 класса,Q139927408,департамент ситуационно-кризисный центр,
230,1721821,Q28799078,1964-03-12,Дейнего,Deinego,Владислав,Vladislav,Николаевич,Nikolaevich,руководитель представительства,чрезвычайный и полномочный посланник 1 класса,Q139927408,представительство мид российской федерации в г. луганске,
232,1722036,Q55652636,1959-02-24,Демин,Demin,Алексей,Alexey,Михайлович,Mikhailovich,заместитель директора департамента,чрезвычайный и полномочный посланник 1 класса,Q139927408,третий департамент стран снг,
237,834510,NONE,1960-05-24,Ермаков,Ermakov,Владимир,Vladimir,Иванович,Ivanovich,директор департамента,чрезвычайный и полномочный посланник 1 класса,Q139927408,департамент по вопросам нераспространения и контроля над вооружениями,
239,844962,Q137427649,1972-11-14,Жесткий,Zhestkiy,Сергей,Sergey,Владимирович,Vladimirovich,чрезвычайный и полномочный посол российской федерации,чрезвычайный и полномочный посланник 1 класса,Q139927408,посольство российской федерации в лаосской народно-демократической республике,Q819
240,845853,Q97343779,1977-06-01,Жирнов,Zhirnov,Дмитрий,Dmitry,Александрович,Alexandrovich,чрезвычайный и полномочный посол российской федерации,чрезвычайный и полномочный посланник 1 класса,Q139927408,посольство российской федерации в исламской республике афганистан,Q889
241,838373,Q109495183,1972-01-25,Забиров,Zabirov,Тимур,Timur,Фатехович,Fatehovich,чрезвычайный и полномочный посол российской федерации,чрезвычайный и полномочный посланник 1 класса,Q139927408,посольство российской федерации в объединенных арабских эмиратах,Q878
242,1722040,Q130285919,1978-11-20,Зайцев,Zaitsev,Алексей,Alexey,Анатольевич,Anatolyevich,чрезвычайный и полномочный посол российской федерации,чрезвычайный и полномочный посланник 1 класса,Q139927408,посольство российской федерации в албании,Q222
244,1722307,Q138609651,1968-12-09,Зыков,Zykov,Дмитрий,Dmitry,Константинович,Konstantinovich,чрезвычайный и полномочный посол российской федерации,чрезвычайный и полномочный посланник 1 класса,Q139927408,посольство российской федерации в республике северной македонии,Q221
245,1722045,Q28819033,1966-03-11,Ильичев,Ilyichev,Петр,Peter,Викторович,Viktorovich,директор департамента,чрезвычайный и полномочный посланник 1 класса,Q139927408,департамент по вопросам новых вызовов и угроз,
246,837866,Q72698975,1959-05-24,Кадышев,Kadyshev,Леонид,Leonid,Юрьевич,Yuryevich,советник-посланник,чрезвычайный и полномочный посланник 1 класса,Q139927408,посольство российской федерации во французской республике,Q142
247,845638,Q84724113,1954-06-21,Калинин,Kalinin,Владимир,Vladimir,Анатольевич,Anatolyevich,,чрезвычайный и полномочный посланник 1 класса,Q139927408,,
252,1721839,Q18243696,1960-11-17,Кожанов,Kozhanov,Константин,Konstantin,Петрович,Petrovich,заместитель директора департамента,чрезвычайный и полномочный посланник 1 класса,Q139927408,"департамент по связям с субъектами федерации,парламентом и общественными объединениями",
254,1722309,Q124771351,1959-07-21,Корепанов,Korepanov,Дмитрий,Dmitry,Гениевич,Genievich,чрезвычайный и полномочный посол российской федерации,чрезвычайный и полномочный посланник 1 класса,Q139927408,посольство российской федерации в габонской республике,Q1000
256,843622,Q84721857,1967-07-06,Красильников,Krasilnikov,Николай,Nikolay,Владимирович,Vladimirovich,,чрезвычайный и полномочный посланник 1 класса,Q139927408,,
258,842041,Q60835640,1963-05-15,Кремнев,Kremnev,Игорь,Igor,Александрович,Alexandrovich,заместитель директора департамента,чрезвычайный и полномочный посланник 1 класса,Q139927408,департамент ближнего востока и северной африки,
260,843245,Q109490858,1970-09-27,Кутрашев,Kutrashev,Эльбрус,Elbrus,Кириллович,Kirillovich,чрезвычайный и полномочный посол российской федерации,чрезвычайный и полномочный посланник 1 класса,Q139927408,посольство российской федерации в республике ирак,Q796
261,1722049,Q131305516,1962-09-04,Левин,Levin,Олег,Oleg,Владимирович,Vladimirovich,чрезвычайный и полномочный посол российской федерации,чрезвычайный и полномочный посланник 1 класса,Q139927408,посольство российской федерации в султанате оман,Q842
269,840732,Q60827474,1962-03-15,Макаров,Makarov,Николай,Nikolay,Валентинович,Valentinovich,заместитель директора департамента,чрезвычайный и полномочный посланник 1 класса,Q139927408,департамент ближнего востока и северной африки,
270,834623,Q29865271,1971-03-29,Максимов,Maximov,Максим,Maxim,Константинович,Konstantinovich,заместитель директора департамента,чрезвычайный и полномочный посланник 1 класса,Q139927408,департамент ближнего востока и северной африки,
272,1721884,Q110068355,1974-01-31,Мирошник,Miroshnik,Родион,Rodion,Валерьевич,Valerievich,посол по особым поручениям,чрезвычайный и полномочный посланник 1 класса,Q139927408,группа послов по особым поручениям мид российской федерации,
273,1722315,Q72308749,1973-12-09,Михайлов,Mikhailov,Кирилл,Kirill,Сергеевич,Sergeevich,заместитель директора департамента,чрезвычайный и полномочный посланник 1 класса,Q139927408,департамент северной атлантики,
275,1721885,Q138566590,1972-11-09,Михно,Mikhno,Георгий,George,Викторович,Viktorovich,чрезвычайный и полномочный посол российской федерации,чрезвычайный и полномочный посланник 1 класса,Q139927408,посольство российской федерации в республике польша,Q36
276,841984,Q109493923,1959-12-19,Мозго,Brain,Игорь,Igor,Николаевич,Nikolaevich,чрезвычайный и полномочный посол российской федерации,чрезвычайный и полномочный посланник 1 класса,Q139927408,посольство российской федерации в государстве эритрея,Q986
277,1721886,Q16677574,1962-11-09,Молотков,Molotkov,Иван,Ivan,Николаевич,Nikolaevich,заместитель директора департамента,чрезвычайный и полномочный посланник 1 класса,Q139927408,департамент ближнего востока и северной африки,
279,839263,Q124770979,1971-09-10,Ноздрев,Nozdryov,Николай,Nikolay,Станиславович,Stanislavovich,чрезвычайный и полномочный посол российской федерации,чрезвычайный и полномочный посланник 1 класса,Q139927408,посольство российской федерации в японии,Q17
280,1722317,Q109487618,1965-05-11,Носков,Noskov,Михаил,Michael,Викторович,Viktorovich,заместитель директора департамента,чрезвычайный и полномочный посланник 1 класса,Q139927408,генеральный секретариат (департамент),
283,1722060,Q109487624,1955-11-12,Павлов,Pavlov,Марат,Marat,Игнатьевич,Ignatyevich,чрезвычайный и полномочный посол российской федерации,чрезвычайный и полномочный посланник 1 класса,Q139927408,посольство российской федерации в республике филиппины,Q928
286,1722065,Q134725291,1970-05-17,Петренко,Petrenko,Олег,Oleg,Владимирович,Vladimirovich,чрезвычайный и полномочный посол российской федерации,чрезвычайный и полномочный посланник 1 класса,Q139927408,посольство российской федерации в государстве эритрея,Q986
288,1722319,Q137595586,1971-03-28,Пономарева,Ponomareva,Анна,Anna,Владимировна,Vladimirovna,чрезвычайный и полномочный посол российской федерации,чрезвычайный и полномочный посланник 1 класса,Q139927408,посольство российской федерации в чешской республике,Q213
289,1722320,Q120279759,1961-04-19,Попов,Popov,Алексей,Alexey,Владимирович,Vladimirovich,чрезвычайный и полномочный посол российской федерации,чрезвычайный и полномочный посланник 1 класса,Q139927408,посольство российской федерации в гвинейской республике,Q1006
295,1721912,Q134382182,1960-04-23,Рещиков,Reshchikov,Сергей,Sergey,Юрьевич,Yuryevich,чрезвычайный и полномочный посол российской федерации,чрезвычайный и полномочный посланник 1 класса,Q139927408,посольство российской федерации в республике гватемала,Q774
297,1722069,Q113412361,1959-07-15,Салтыков,Saltykov,Алексей,Alexey,Эдуардович,Eduardovich,,чрезвычайный и полномочный посланник 1 класса,Q139927408,,
300,1722326,Q133798396,1966-05-20,Середин,Seredin,Алексей,Alexey,Викторович,Viktorovich,чрезвычайный и полномочный посол российской федерации,чрезвычайный и полномочный посланник 1 класса,Q139927408,посольство российской федерации в доминиканской республике,Q786
301,1721927,Q120267213,1964-08-18,Скосырев,Skosyrev,Алексей,Alexey,Владимирович,Vladimirovich,чрезвычайный и полномочный посол российской федерации,чрезвычайный и полномочный посланник 1 класса,Q139927408,посольство российской федерации в королевстве бахрейн,Q398
302,836412,Q24010799,1964-06-01,Соколов,Sokolov,Алексей,Alexey,Анатольевич,Anatolyevich,заместитель директора департамента,чрезвычайный и полномочный посланник 1 класса,Q139927408,департамент экономического сотрудничества,
305,1721938,Q131305865,1959-05-14,Тихазе,Tihaze,Карл,Charles,Карлович,Karlovich,чрезвычайный и полномочный посол российской федерации,чрезвычайный и полномочный посланник 1 класса,Q139927408,посольство российской федерации в демократической республике конго,Q974
307,834675,Q126953009,1965-02-07,Толченов,Tolchenov,Сергей,Sergey,Геннадьевич,Gennadievich,чрезвычайный и полномочный посол российской федерации,чрезвычайный и полномочный посланник 1 класса,Q139927408,"посольство российской федерации в республике индонезии, в демократической республике восточный тимор, в независимом государстве папуа-новая гвинея и в республике кирибати по совместительству",Q710
307,834675,Q126953009,1965-02-07,Толченов,Tolchenov,Сергей,Sergey,Геннадьевич,Gennadievich,чрезвычайный и полномочный посол российской федерации,чрезвычайный и полномочный посланник 1 класса,Q139927408,"посольство российской федерации в республике индонезии, в демократической республике восточный тимор, в независимом государстве папуа-новая гвинея и в республике кирибати по совместительству",Q574
307,834675,Q126953009,1965-02-07,Толченов,Tolchenov,Сергей,Sergey,Геннадьевич,Gennadievich,чрезвычайный и полномочный посол российской федерации,чрезвычайный и полномочный посланник 1 класса,Q139927408,"посольство российской федерации в республике индонезии, в демократической республике восточный тимор, в независимом государстве папуа-новая гвинея и в республике кирибати по совместительству",Q691
307,834675,Q126953009,1965-02-07,Толченов,Tolchenov,Сергей,Sergey,Геннадьевич,Gennadievich,чрезвычайный и полномочный посол российской федерации,чрезвычайный и полномочный посланник 1 класса,Q139927408,"посольство российской федерации в республике индонезии, в демократической республике восточный тимор, в независимом государстве папуа-новая гвинея и в республике кирибати по совместительству",Q252
308,1722327,Q88627374,1964-07-17,Трофимов,Trofimov,Дмитрий,Dmitry,Александрович,Alexandrovich,руководитель миссии российской федерации,чрезвычайный и полномочный посланник 1 класса,Q139927408,секция интересов российской федерации при посольстве швейцарской конфедерации в грузии,Q230
313,1721952,Q124770245,1979-07-22,Хорев,Khorev,Альберт,Albert,Павлович,Pavlovich,чрезвычайный и полномочный посол российской федерации,чрезвычайный и полномочный посланник 1 класса,Q139927408,посольство российской федерации в исламской республике пакистан,Q843
319,1721963,Q112993706,1957-01-06,Шургалин,Shurgalin,Михаил,Michael,Александрович,Alexandrovich,чрезвычайный и полномочный посол российской федерации,чрезвычайный и полномочный посланник 1 класса,Q139927408,посольство российской федерации в республике абхазия,Q23334
320,837524,Q84725567,1971-06-16,Эйвазов,Eyvazov,Тимур,Timur,Рафаилович,Rafailovich,чрезвычайный и полномочный посол российской федерации,чрезвычайный и полномочный посланник 1 класса,Q139927408,посольство российской федерации в республике словении,Q215
337,837699,Q72459699,1965-01-21,Баранов,Baranov,Дмитрий,Dmitry,Львович,Lvovich,главный советник департамента,чрезвычайный и полномочный посланник 2 класса,Q139927432,консульский департамент,
338,1722333,Q16535533,1969-07-03,Баранов,Baranov,Сергей,Sergey,Викторович,Viktorovich,заместитель директора департамента,чрезвычайный и полномочный посланник 2 класса,Q139927432,историко-документальный департамент,
375,469241,Q130286606,1969-07-22,Верченко,Verchenko,Дмитрий,Dmitry,Юрьевич,Yuryevich,чрезвычайный и полномочный посол российской федерации,чрезвычайный и полномочный посланник 2 класса,Q139927432,посольство российской федерации в многонациональном государстве боливия,Q750
384,1722354,Q136816810,1960-01-25,Воропаев,Voropaev,Виктор,Victor,Сергеевич,Sergeevich,чрезвычайный и полномочный посол российской федерации,чрезвычайный и полномочный посланник 2 класса,Q139927432,посольство российской федерации в республике нигер,Q1032
388,1722033,Q131305924,1960-11-27,Гаврилов,Gavrilov,Константин,Konstantin,Юрьевич,Yuryevich,чрезвычайный и полномочный посол российской федерации,чрезвычайный и полномочный посланник 2 класса,Q139927432,посольство российской федерации в республике панама,Q804
399,841493,Q110096961,1960-08-04,Гремитских,Gremitsky,Александр,Alexander,Юрьевич,Yuryevich,советник-посланник,чрезвычайный и полномочный посланник 2 класса,Q139927432,посольство российской федерации в королевстве норвегия,Q20
400,1722362,Q16639759,1971-10-14,Григорьев,Grigoriev,Александр,Alexander,Владимирович,Vladimirovich,начальник отдела в департаменте,чрезвычайный и полномочный посланник 2 класса,Q139927432,департамент по работе с соотечественниками за рубежом,
443,1722385,Q4209441,1978-01-17,Калинин,Kalinin,Андрей,Andrey,Викторович,Viktorovich,заместитель директора департамента,чрезвычайный и полномочный посланник 2 класса,Q139927432,правовой департамент,
485,1721856,Q136816924,1982-05-29,Кудров,Kudrov,Евгений,Evgeny,Александрович,Alexandrovich,чрезвычайный и полномочный посол российской федерации,чрезвычайный и полномочный посланник 2 класса,Q139927432,посольство российской федерации в йеменской республике,Q805
502,1722050,Q97460783,1959-10-29,Линевич,Linevich,Сергей,Sergey,Георгиевич,Georgievich,генеральный консул российской федерации,чрезвычайный и полномочный посланник 2 класса,Q139927432,"генеральное консульство российской федерации в кракове, республика польша",Q36
514,1721874,Q120266571,1958-12-08,Магута,Maguta,Сергей,Sergey,Михайлович,Mikhailovich,генеральный консул российской федерации,чрезвычайный и полномочный посланник 2 класса,Q139927432,"генеральное консульство российской федерации в зальцбурге, австрийская республика",Q40
517,1722423,Q65153320,1975-05-20,Макаров,Makarov,Николай,Nikolay,Николаевич,Nikolaevich,заместитель директора департамента,чрезвычайный и полномочный посланник 2 класса,Q139927432,департамент внешнеполитического планирования,
519,1721877,Q138609628,1969-04-18,Маленко,Malenko,Алексей,Alexey,Владимирович,Vladimirovich,чрезвычайный и полномочный посол российской федерации,чрезвычайный и полномочный посланник 2 класса,Q139927432,посольство российской федерации в исламской республике мавритании,Q1025
523,1722426,Q126971320,1964-05-06,Мартынов,Martynov,Игорь,Igor,Александрович,Alexandrovich,чрезвычайный и полномочный посол российской федерации,чрезвычайный и полномочный посланник 2 класса,Q139927432,посольство российской федерации в буркина-фасо,Q965
528,1721882,Q16675102,1955-09-26,Машков,Mashkov,Григорий,Gregory,Иванович,Ivanovich,посол по особым поручениям,чрезвычайный и полномочный посланник 2 класса,Q139927432,группа послов по особым поручениям мид российской федерации,
566,1721902,Q110096900,1963-09-06,Плихин,Plikhin,Петр,Peter,Генрихович,Genrikhovich,советник-посланник,чрезвычайный и полномочный посланник 2 класса,Q139927432,посольство российской федерации в финляндской республике,Q33
570,1722451,Q4372511,1962-02-07,Попов,Popov,Игорь,Igor,Витальевич,Vitalievich,генеральный консул российской федерации,чрезвычайный и полномочный посланник 2 класса,Q139927432,"генеральное консульство российской федерации в женеве, швейцарская конфедерация",Q39
574,1722454,Q4382149,1963-03-04,Прохоров,Prokhorov,Владимир,Vladimir,Николаевич,Nikolaevich,заместитель директора департамента,чрезвычайный и полномочный посланник 2 класса,Q139927432,департамент многостороннего сотрудничества по правам человека,
606,1722469,Q18741031,1968-09-01,Соколов,Sokolov,Анатолий,Anatoly,Викторович,Viktorovich,советник-посланник,чрезвычайный и полномочный посланник 2 класса,Q139927432,посольство российской федерации в республике чили,Q298
612,1722474,Q137427623,1964-09-13,Столяров,Stolyarov,Андрей,Andrey,Иванович,Ivanovich,чрезвычайный и полномочный посол российской федерации,чрезвычайный и полномочный посланник 2 класса,Q139927432,посольство российской федерации в республике сьерра-леоне,Q1044
616,1201672,,1961-05-04,Суровцев,Surovtsev,Алексей,Alexey,Владимирович,Vladimirovich,генеральный консул российской федерации,чрезвычайный и полномочный посланник 2 класса,Q139927432,"генеральное консульство российской федерации в мумбаи, республика индия",Q668
632,1722480,,1971-08-29,Ушаков,Ushakov,Алексей,Alexey,Анатольевич,Anatolyevich,чрезвычайный и полномочный посол российской федерации,чрезвычайный и полномочный посланник 2 класса,Q139927432,посольство российской федерации в республике перу,Q419
644,1721951,Q131305813,1962-01-11,Хозин,Khozin,Александр,Alexander,Григорьевич,Grigorievich,чрезвычайный и полномочный посол российской федерации,чрезвычайный и полномочный посланник 2 класса,Q139927432,посольство российской федерации в народной республике бангладеш,Q902
649,1722076,Q136817412,1967-08-09,Черненко,Chernenko,Сергей,Sergey,Владимирович,Vladimirovich,чрезвычайный и полномочный посол российской федерации,чрезвычайный и полномочный посланник 2 класса,Q139927432,посольство российской федерации в республике бурунди,Q967
651,1722077,Q120278286,1972-09-07,Черновол,Chornovil,Андрей,Andrey,Георгиевич,Georgievich,чрезвычайный и полномочный посол российской федерации,чрезвычайный и полномочный посланник 2 класса,Q139927432,посольство российской федерации в республике судан,Q1049
659,1318602,Q111842714,1978-09-09,Шлыков,Shlykov,Константин,Konstantin,Владимирович,Vladimirovich,советник,чрезвычайный и полномочный посланник 2 класса,Q139927432,департамент ситуационно-кризисный центр,