person_id,diplomat_id,family_name,name,patronymic,wiki_url
1722024,1,АВЕТИСЯН,АНДРЕЙ,ЛЕВОНОВИЧ,"https://ru.wikipedia.org/wiki/%D0%90%D0%B2%D0%B5%D1%82%D0%B8%D1%81%D1%8F%D0%BD,_%D0%90%D0%BD%D0%B4%D1%80%D0%B5%D0%B9_%D0%9B%D0%B5%D0%B2%D0%BE%D0%BD%D0%BE%D0%B2%D0%B8%D1%87"
844886,210,АГАНИН,АЙДАР,РАШИДОВИЧ,"https://ru.wikipedia.org/wiki/%D0%90%D0%B3%D0%B0%D0%BD%D0%B8%D0%BD,_%D0%90%D0%B9%D0%B4%D0%B0%D1%80_%D0%A0%D0%B0%D1%88%D0%B8%D0%B4%D0%BE%D0%B2%D0%B8%D1%87"
840280,3,АЗИЗОВ,ИСКАНДЕР,КУБАРОВИЧ,"https://ru.wikipedia.org/wiki/%D0%90%D0%B7%D0%B8%D0%B7%D0%BE%D0%B2,_%D0%98%D1%81%D0%BA%D0%B0%D0%BD%D0%B4%D0%B5%D1%80_%D0%9A%D1%83%D0%B1%D0%B0%D1%80%D0%BE%D0%B2%D0%B8%D1%87"
839427,4,АЛИМОВ,АЛЕКСАНДР,СЕРГЕЕВИЧ,"https://ru.wikipedia.org/wiki/%D0%90%D0%BB%D0%B8%D0%BC%D0%BE%D0%B2,_%D0%90%D0%BB%D0%B5%D0%BA%D1%81%D0%B0%D0%BD%D0%B4%D1%80_%D0%A1%D0%B5%D1%80%D0%B3%D0%B5%D0%B5%D0%B2%D0%B8%D1%87_(%D0%B4%D0%B8%D0%BF%D0%BB%D0%BE%D0%BC%D0%B0%D1%82)"
1721785,5,АЛИПОВ,ДЕНИС,ЕВГЕНЬЕВИЧ,"https://ru.wikipedia.org/wiki/%D0%90%D0%BB%D0%B8%D0%BF%D0%BE%D0%B2,_%D0%94%D0%B5%D0%BD%D0%B8%D1%81_%D0%95%D0%B2%D0%B3%D0%B5%D0%BD%D1%8C%D0%B5%D0%B2%D0%B8%D1%87"
840046,7,АМБАРОВ,РОМАН,ЕВГЕНЬЕВИЧ,"https://ru.wikipedia.org/wiki/%D0%90%D0%BC%D0%B1%D0%B0%D1%80%D0%BE%D0%B2,_%D0%A0%D0%BE%D0%BC%D0%B0%D0%BD_%D0%95%D0%B2%D0%B3%D0%B5%D0%BD%D1%8C%D0%B5%D0%B2%D0%B8%D1%87"
839317,9,АНДРЕЕВ,СЕРГЕЙ,ВАДИМОВИЧ,"https://ru.wikipedia.org/wiki/%D0%90%D0%BD%D0%B4%D1%80%D0%B5%D0%B5%D0%B2,_%D0%A1%D0%B5%D1%80%D0%B3%D0%B5%D0%B9_%D0%92%D0%B0%D0%B4%D0%B8%D0%BC%D0%BE%D0%B2%D0%B8%D1%87"
1722026,8,АНДРЕЕВ,АНДРЕЙ,ВЛАДИМИРОВИЧ,"https://ru.wikipedia.org/wiki/%D0%90%D0%BD%D0%B4%D1%80%D0%B5%D0%B5%D0%B2,_%D0%90%D0%BD%D0%B4%D1%80%D0%B5%D0%B9_%D0%92%D0%BB%D0%B0%D0%B4%D0%B8%D0%BC%D0%B8%D1%80%D0%BE%D0%B2%D0%B8%D1%87_(%D0%B4%D0%B8%D0%BF%D0%BB%D0%BE%D0%BC%D0%B0%D1%82)"
834467,12,АФАНАСЬЕВ,МИХАИЛ,ЮРЬЕВИЧ,"https://ru.wikipedia.org/wiki/%D0%90%D1%84%D0%B0%D0%BD%D0%B0%D1%81%D1%8C%D0%B5%D0%B2,_%D0%9C%D0%B8%D1%85%D0%B0%D0%B8%D0%BB_%D0%AE%D1%80%D1%8C%D0%B5%D0%B2%D0%B8%D1%87"
839420,13,БАЗДНИКИН,СЕРГЕЙ,АЛЕКСАНДРОВИЧ,"https://ru.wikipedia.org/wiki/%D0%91%D0%B0%D0%B7%D0%B4%D0%BD%D0%B8%D0%BA%D0%B8%D0%BD,_%D0%A1%D0%B5%D1%80%D0%B3%D0%B5%D0%B9_%D0%90%D0%BB%D0%B5%D0%BA%D1%81%D0%B0%D0%BD%D0%B4%D1%80%D0%BE%D0%B2%D0%B8%D1%87"
836511,14,БАЙБАКОВ,ВЛАДИМИР,ВИКТОРОВИЧ,"https://ru.wikipedia.org/wiki/%D0%91%D0%B0%D0%B9%D0%B1%D0%B0%D0%BA%D0%BE%D0%B2,_%D0%92%D0%BB%D0%B0%D0%B4%D0%B8%D0%BC%D0%B8%D1%80_%D0%92%D0%B8%D0%BA%D1%82%D0%BE%D1%80%D0%BE%D0%B2%D0%B8%D1%87"
1722030,16,БАРАНОВ,МИХАИЛ,ВЛАДИМИРОВИЧ,"https://ru.wikipedia.org/wiki/%D0%91%D0%B0%D1%80%D0%B0%D0%BD%D0%BE%D0%B2,_%D0%9C%D0%B8%D1%85%D0%B0%D0%B8%D0%BB_%D0%92%D0%BB%D0%B0%D0%B4%D0%B8%D0%BC%D0%B8%D1%80%D0%BE%D0%B2%D0%B8%D1%87"
1722333,338,БАРАНОВ,СЕРГЕЙ,ВИКТОРОВИЧ,"https://ru.wikipedia.org/wiki/%D0%91%D0%B0%D1%80%D0%B0%D0%BD%D0%BE%D0%B2,_%D0%A1%D0%B5%D1%80%D0%B3%D0%B5%D0%B9_%D0%92%D0%B8%D0%BA%D1%82%D0%BE%D1%80%D0%BE%D0%B2%D0%B8%D1%87"
840825,15,БАРАНОВ,АНАТОЛИЙ,АЛЕКСАНДРОВИЧ,"https://ru.wikipedia.org/wiki/%D0%91%D0%B0%D1%80%D0%B0%D0%BD%D0%BE%D0%B2,_%D0%90%D0%BD%D0%B0%D1%82%D0%BE%D0%BB%D0%B8%D0%B9_%D0%90%D0%BB%D0%B5%D0%BA%D1%81%D0%B0%D0%BD%D0%B4%D1%80%D0%BE%D0%B2%D0%B8%D1%87"
836933,17,БАРБИН,ВЛАДИМИР,ВЛАДИМИРОВИЧ,"https://ru.wikipedia.org/wiki/%D0%91%D0%B0%D1%80%D0%B1%D0%B8%D0%BD,_%D0%92%D0%BB%D0%B0%D0%B4%D0%B8%D0%BC%D0%B8%D1%80_%D0%92%D0%BB%D0%B0%D0%B4%D0%B8%D0%BC%D0%B8%D1%80%D0%BE%D0%B2%D0%B8%D1%87"
844322,18,БАРИНОВА,НАДЕЖДА,МИХАЙЛОВНА,"https://ru.wikipedia.org/wiki/%D0%91%D0%B0%D1%80%D0%B8%D0%BD%D0%BE%D0%B2%D0%B0,_%D0%9D%D0%B0%D0%B4%D0%B5%D0%B6%D0%B4%D0%B0_%D0%9C%D0%B8%D1%85%D0%B0%D0%B9%D0%BB%D0%BE%D0%B2%D0%BD%D0%B0"
836851,19,БАШКИН,АНАТОЛИЙ,ГЕННАДЬЕВИЧ,"https://ru.wikipedia.org/wiki/%D0%91%D0%B0%D1%88%D0%BA%D0%B8%D0%BD,_%D0%90%D0%BD%D0%B0%D1%82%D0%BE%D0%BB%D0%B8%D0%B9_%D0%93%D0%B5%D0%BD%D0%BD%D0%B0%D0%B4%D1%8C%D0%B5%D0%B2%D0%B8%D1%87"
841356,20,БЕДЖАНЯН,ЮРИЙ,ВАРТАНОВИЧ,"https://ru.wikipedia.org/wiki/%D0%91%D0%B5%D0%B4%D0%B6%D0%B0%D0%BD%D1%8F%D0%BD,_%D0%AE%D1%80%D0%B8%D0%B9_%D0%92%D0%B0%D1%80%D1%82%D0%B0%D0%BD%D0%BE%D0%B2%D0%B8%D1%87"
1721791,21,БЕЗДЕТКО,ГЕННАДИЙ,СТЕПАНОВИЧ,"https://ru.wikipedia.org/wiki/%D0%91%D0%B5%D0%B7%D0%B4%D0%B5%D1%82%D0%BA%D0%BE,_%D0%93%D0%B5%D0%BD%D0%BD%D0%B0%D0%B4%D0%B8%D0%B9_%D0%A1%D1%82%D0%B5%D0%BF%D0%B0%D0%BD%D0%BE%D0%B2%D0%B8%D1%87"
1722031,213,БЕЛИНСКИЙ,ВЛАДИМИР,ГРИГОРЬЕВИЧ,"https://ru.wikipedia.org/wiki/%D0%91%D0%B5%D0%BB%D0%B8%D0%BD%D1%81%D0%BA%D0%B8%D0%B9,_%D0%92%D0%BB%D0%B0%D0%B4%D0%B8%D0%BC%D0%B8%D1%80_%D0%93%D1%80%D0%B8%D0%B3%D0%BE%D1%80%D1%8C%D0%B5%D0%B2%D0%B8%D1%87"
842283,214,БЕЛЯЕВ,ИГОРЬ,АЛЕКСЕЕВИЧ,"https://ru.wikipedia.org/wiki/%D0%91%D0%B5%D0%BB%D1%8F%D0%B5%D0%B2,_%D0%98%D0%B3%D0%BE%D1%80%D1%8C_%D0%90%D0%BB%D0%B5%D0%BA%D1%81%D0%B5%D0%B5%D0%B2%D0%B8%D1%87"
1722290,22,БЕЛЯЕВ,СЕРГЕЙ,СЕРГЕЕВИЧ,"https://ru.wikipedia.org/wiki/%D0%91%D0%B5%D0%BB%D1%8F%D0%B5%D0%B2,_%D0%A1%D0%B5%D1%80%D0%B3%D0%B5%D0%B9_%D0%A1%D0%B5%D1%80%D0%B3%D0%B5%D0%B5%D0%B2%D0%B8%D1%87"
1722301,215,БЕРДНИКОВ,СЕРГЕЙ,ЛЕОНИДОВИЧ,"https://ru.wikipedia.org/wiki/%D0%91%D0%B5%D1%80%D0%B4%D0%BD%D0%B8%D0%BA%D0%BE%D0%B2,_%D0%A1%D0%B5%D1%80%D0%B3%D0%B5%D0%B9_%D0%9B%D0%B5%D0%BE%D0%BD%D0%B8%D0%B4%D0%BE%D0%B2%D0%B8%D1%87"
844716,216,БИКАНТОВ,АЛЕКСАНДР,МИХАЙЛОВИЧ,"https://ru.wikipedia.org/wiki/%D0%91%D0%B8%D0%BA%D0%B0%D0%BD%D1%82%D0%BE%D0%B2,_%D0%90%D0%BB%D0%B5%D0%BA%D1%81%D0%B0%D0%BD%D0%B4%D1%80_%D0%9C%D0%B8%D1%85%D0%B0%D0%B9%D0%BB%D0%BE%D0%B2%D0%B8%D1%87"
1721796,24,БИРИЧЕВСКИЙ,ДМИТРИЙ,АНАТОЛЬЕВИЧ,"https://ru.wikipedia.org/wiki/%D0%91%D0%B8%D1%80%D0%B8%D1%87%D0%B5%D0%B2%D1%81%D0%BA%D0%B8%D0%B9,_%D0%94%D0%BC%D0%B8%D1%82%D1%80%D0%B8%D0%B9_%D0%90%D0%BD%D0%B0%D1%82%D0%BE%D0%BB%D1%8C%D0%B5%D0%B2%D0%B8%D1%87"
842058,26,БОГДАШЕВ,ИГОРЬ,ВИКТОРОВИЧ,"https://ru.wikipedia.org/wiki/%D0%91%D0%BE%D0%B3%D0%B4%D0%B0%D1%88%D0%B5%D0%B2,_%D0%98%D0%B3%D0%BE%D1%80%D1%8C_%D0%92%D0%B8%D0%BA%D1%82%D0%BE%D1%80%D0%BE%D0%B2%D0%B8%D1%87"
834814,27,БОЙКОВ,ЕВГЕНИЙ,МИРОСЛАВОВИЧ,"https://ru.wikipedia.org/wiki/%D0%91%D0%BE%D0%B9%D0%BA%D0%BE%D0%B2,_%D0%95%D0%B2%D0%B3%D0%B5%D0%BD%D0%B8%D0%B9_%D0%9C%D0%B8%D1%80%D0%BE%D1%81%D0%BB%D0%B0%D0%B2%D0%BE%D0%B2%D0%B8%D1%87"
842893,28,БОРИСЕНКО,ГЕОРГИЙ,ЕВГЕНЬЕВИЧ,"https://ru.wikipedia.org/wiki/%D0%91%D0%BE%D1%80%D0%B8%D1%81%D0%B5%D0%BD%D0%BA%D0%BE,_%D0%93%D0%B5%D0%BE%D1%80%D0%B3%D0%B8%D0%B9_%D0%95%D0%B2%D0%B3%D0%B5%D0%BD%D1%8C%D0%B5%D0%B2%D0%B8%D1%87"
841849,29,БОРОВИК,АНАТОЛИЙ,ВАСИЛЬЕВИЧ,"https://ru.wikipedia.org/wiki/%D0%91%D0%BE%D1%80%D0%BE%D0%B2%D0%B8%D0%BA,_%D0%90%D0%BD%D0%B0%D1%82%D0%BE%D0%BB%D0%B8%D0%B9_%D0%92%D0%B0%D1%81%D0%B8%D0%BB%D1%8C%D0%B5%D0%B2%D0%B8%D1%87"
845218,30,БОРОДАВКИН,АЛЕКСЕЙ,НИКОЛАЕВИЧ,"https://ru.wikipedia.org/wiki/%D0%91%D0%BE%D1%80%D0%BE%D0%B4%D0%B0%D0%B2%D0%BA%D0%B8%D0%BD,_%D0%90%D0%BB%D0%B5%D0%BA%D1%81%D0%B5%D0%B9_%D0%9D%D0%B8%D0%BA%D0%BE%D0%BB%D0%B0%D0%B5%D0%B2%D0%B8%D1%87"
843470,31,БОЦАН-ХАРЧЕНКО,АЛЕКСАНДР,АРКАДЬЕВИЧ,"https://ru.wikipedia.org/wiki/%D0%91%D0%BE%D1%86%D0%B0%D0%BD-%D0%A5%D0%B0%D1%80%D1%87%D0%B5%D0%BD%D0%BA%D0%BE,_%D0%90%D0%BB%D0%B5%D0%BA%D1%81%D0%B0%D0%BD%D0%B4%D1%80_%D0%90%D1%80%D0%BA%D0%B0%D0%B4%D1%8C%D0%B5%D0%B2%D0%B8%D1%87"
1721798,32,БРАТЧИКОВ,ИГОРЬ,БОРИСОВИЧ,"https://ru.wikipedia.org/wiki/%D0%91%D1%80%D0%B0%D1%82%D1%87%D0%B8%D0%BA%D0%BE%D0%B2,_%D0%98%D0%B3%D0%BE%D1%80%D1%8C_%D0%91%D0%BE%D1%80%D0%B8%D1%81%D0%BE%D0%B2%D0%B8%D1%87"
839222,33,БУДАЕВ,АНДРЕЙ,ВЛАДИМИРОВИЧ,"https://ru.wikipedia.org/wiki/%D0%91%D1%83%D0%B4%D0%B0%D0%B5%D0%B2,_%D0%90%D0%BD%D0%B4%D1%80%D0%B5%D0%B9_%D0%92%D0%BB%D0%B0%D0%B4%D0%B8%D0%BC%D0%B8%D1%80%D0%BE%D0%B2%D0%B8%D1%87"
840212,37,ВАСИЛЬЕВ,ВИКТОР,ЛЬВОВИЧ,"https://ru.wikipedia.org/wiki/%D0%92%D0%B0%D1%81%D0%B8%D0%BB%D1%8C%D0%B5%D0%B2,_%D0%92%D0%B8%D0%BA%D1%82%D0%BE%D1%80_%D0%9B%D1%8C%D0%B2%D0%BE%D0%B2%D0%B8%D1%87"
834417,38,ВАСНЕЦОВ,ОЛЕГ,ВЛАДИМИРОВИЧ,"https://ru.wikipedia.org/wiki/%D0%92%D0%B0%D1%81%D0%BD%D0%B5%D1%86%D0%BE%D0%B2,_%D0%9E%D0%BB%D0%B5%D0%B3_%D0%92%D0%BB%D0%B0%D0%B4%D0%B8%D0%BC%D0%B8%D1%80%D0%BE%D0%B2%D0%B8%D1%87"
840890,221,ВЕКЛЕНКО,АНДРЕЙ,ВИКТОРОВИЧ,"https://ru.wikipedia.org/wiki/%D0%92%D0%B5%D0%BA%D0%BB%D0%B5%D0%BD%D0%BA%D0%BE,_%D0%90%D0%BD%D0%B4%D1%80%D0%B5%D0%B9_%D0%92%D0%B8%D0%BA%D1%82%D0%BE%D1%80%D0%BE%D0%B2%D0%B8%D1%87"
469241,375,ВЕРЧЕНКО,ДМИТРИЙ,ЮРЬЕВИЧ,"https://ru.wikipedia.org/wiki/%D0%92%D0%B5%D1%80%D1%87%D0%B5%D0%BD%D0%BA%D0%BE,_%D0%94%D0%BC%D0%B8%D1%82%D1%80%D0%B8%D0%B9_%D0%AE%D1%80%D1%8C%D0%B5%D0%B2%D0%B8%D1%87"
168052,39,ВЕРШИНИН,СЕРГЕЙ,ВАСИЛЬЕВИЧ,"https://ru.wikipedia.org/wiki/%D0%92%D0%B5%D1%80%D1%88%D0%B8%D0%BD%D0%B8%D0%BD,_%D0%A1%D0%B5%D1%80%D0%B3%D0%B5%D0%B9_%D0%92%D0%B0%D1%81%D0%B8%D0%BB%D1%8C%D0%B5%D0%B2%D0%B8%D1%87"
834093,40,ВИКТОРОВ,АНАТОЛИЙ,ДМИТРИЕВИЧ,"https://ru.wikipedia.org/wiki/%D0%92%D0%B8%D0%BA%D1%82%D0%BE%D1%80%D0%BE%D0%B2,_%D0%90%D0%BD%D0%B0%D1%82%D0%BE%D0%BB%D0%B8%D0%B9_%D0%94%D0%BC%D0%B8%D1%82%D1%80%D0%B8%D0%B5%D0%B2%D0%B8%D1%87"
838643,41,ВИНОКУРОВ,ВЛАДИМИР,НИКОЛАЕВИЧ,"https://ru.wikipedia.org/wiki/%D0%92%D0%B8%D0%BD%D0%BE%D0%BA%D1%83%D1%80%D0%BE%D0%B2,_%D0%92%D0%BB%D0%B0%D0%B4%D0%B8%D0%BC%D0%B8%D1%80_%D0%9D%D0%B8%D0%BA%D0%BE%D0%BB%D0%B0%D0%B5%D0%B2%D0%B8%D1%87_(%D0%B4%D0%B8%D0%BF%D0%BB%D0%BE%D0%BC%D0%B0%D1%82)"
1721808,42,ВЛАДИМИР,НИКОЛАЙ,МИХАЙЛОВИЧ,"https://ru.wikipedia.org/wiki/%D0%92%D0%BB%D0%B0%D0%B4%D0%B8%D0%BC%D0%B8%D1%80,_%D0%9D%D0%B8%D0%BA%D0%BE%D0%BB%D0%B0%D0%B9_%D0%9C%D0%B8%D1%85%D0%B0%D0%B9%D0%BB%D0%BE%D0%B2%D0%B8%D1%87"
1721812,43,ВОЛЫНКИН,ИВАН,КИРИЛЛОВИЧ,"https://ru.wikipedia.org/wiki/%D0%92%D0%BE%D0%BB%D1%8B%D0%BD%D0%BA%D0%B8%D0%BD,_%D0%98%D0%B2%D0%B0%D0%BD_%D0%9A%D0%B8%D1%80%D0%B8%D0%BB%D0%BB%D0%BE%D0%B2%D0%B8%D1%87"
1722292,44,ВОРОБЬЕВА,ЛЮДМИЛА,ГЕОРГИЕВНА,"https://ru.wikipedia.org/wiki/%D0%92%D0%BE%D1%80%D0%BE%D0%B1%D1%8C%D0%B5%D0%B2%D0%B0,_%D0%9B%D1%8E%D0%B4%D0%BC%D0%B8%D0%BB%D0%B0_%D0%93%D0%B5%D0%BE%D1%80%D0%B3%D0%B8%D0%B5%D0%B2%D0%BD%D0%B0"
1722354,384,ВОРОПАЕВ,ВИКТОР,СЕРГЕЕВИЧ,"https://ru.wikipedia.org/wiki/%D0%92%D0%BE%D1%80%D0%BE%D0%BF%D0%B0%D0%B5%D0%B2,_%D0%92%D0%B8%D0%BA%D1%82%D0%BE%D1%80_%D0%A1%D0%B5%D1%80%D0%B3%D0%B5%D0%B5%D0%B2%D0%B8%D1%87"
1722033,388,ГАВРИЛОВ,КОНСТАНТИН,ЮРЬЕВИЧ,"https://ru.wikipedia.org/wiki/%D0%93%D0%B0%D0%B2%D1%80%D0%B8%D0%BB%D0%BE%D0%B2,_%D0%9A%D0%BE%D0%BD%D1%81%D1%82%D0%B0%D0%BD%D1%82%D0%B8%D0%BD_%D0%AE%D1%80%D1%8C%D0%B5%D0%B2%D0%B8%D1%87"
834729,46,ГАЛУЗИН,МИХАИЛ,ЮРЬЕВИЧ,"https://ru.wikipedia.org/wiki/%D0%93%D0%B0%D0%BB%D1%83%D0%B7%D0%B8%D0%BD,_%D0%9C%D0%B8%D1%85%D0%B0%D0%B8%D0%BB_%D0%AE%D1%80%D1%8C%D0%B5%D0%B2%D0%B8%D1%87"
834286,47,ГАНЖА,СЕРГЕЙ,ПАВЛОВИЧ,"https://ru.wikipedia.org/wiki/%D0%93%D0%B0%D0%BD%D0%B6%D0%B0,_%D0%A1%D0%B5%D1%80%D0%B3%D0%B5%D0%B9_%D0%9F%D0%B0%D0%B2%D0%BB%D0%BE%D0%B2%D0%B8%D1%87"
835919,224,ГАНИЧ,ДАНИЛА,ВИКТОРОВИЧ,"https://ru.wikipedia.org/wiki/%D0%93%D0%B0%D0%BD%D0%B8%D1%87,_%D0%94%D0%B0%D0%BD%D0%B8%D0%BB%D0%B0_%D0%92%D0%B8%D0%BA%D1%82%D0%BE%D1%80%D0%BE%D0%B2%D0%B8%D1%87"
834907,48,ГАРМОНИН,СЕРГЕЙ,ВИКТОРОВИЧ,"https://ru.wikipedia.org/wiki/%D0%93%D0%B0%D1%80%D0%BC%D0%BE%D0%BD%D0%B8%D0%BD,_%D0%A1%D0%B5%D1%80%D0%B3%D0%B5%D0%B9_%D0%92%D0%B8%D0%BA%D1%82%D0%BE%D1%80%D0%BE%D0%B2%D0%B8%D1%87"
11517,49,ГАТИЛОВ,ГЕННАДИЙ,МИХАЙЛОВИЧ,"https://ru.wikipedia.org/wiki/%D0%93%D0%B0%D1%82%D0%B8%D0%BB%D0%BE%D0%B2,_%D0%93%D0%B5%D0%BD%D0%BD%D0%B0%D0%B4%D0%B8%D0%B9_%D0%9C%D0%B8%D1%85%D0%B0%D0%B9%D0%BB%D0%BE%D0%B2%D0%B8%D1%87"
834086,50,ГОЛОВАНОВ,МИХАИЛ,АЛЕКСЕЕВИЧ,"https://ru.wikipedia.org/wiki/%D0%93%D0%BE%D0%BB%D0%BE%D0%B2%D0%B0%D0%BD%D0%BE%D0%B2,_%D0%9C%D0%B8%D1%85%D0%B0%D0%B8%D0%BB_%D0%90%D0%BB%D0%B5%D0%BA%D1%81%D0%B5%D0%B5%D0%B2%D0%B8%D1%87"
1721815,51,ГОЛУБОВСКИЙ,ИГОРЬ,ЛЕОНИДОВИЧ,"https://ru.wikipedia.org/wiki/%D0%93%D0%BE%D0%BB%D1%83%D0%B1%D0%BE%D0%B2%D1%81%D0%BA%D0%B8%D0%B9,_%D0%98%D0%B3%D0%BE%D1%80%D1%8C_%D0%9B%D0%B5%D0%BE%D0%BD%D0%B8%D0%B4%D0%BE%D0%B2%D0%B8%D1%87"
839903,52,ГОНЧАР,ДЕНИС,ВЛАДИМИРОВИЧ,"https://ru.wikipedia.org/wiki/%D0%93%D0%BE%D0%BD%D1%87%D0%B0%D1%80,_%D0%94%D0%B5%D0%BD%D0%B8%D1%81_%D0%92%D0%BB%D0%B0%D0%B4%D0%B8%D0%BC%D0%B8%D1%80%D0%BE%D0%B2%D0%B8%D1%87"
846139,53,ГОРЛАЧ,ЮРИЙ,АНДРЕЕВИЧ,"https://ru.wikipedia.org/wiki/%D0%93%D0%BE%D1%80%D0%BB%D0%B0%D1%87,_%D0%AE%D1%80%D0%B8%D0%B9_%D0%90%D0%BD%D0%B4%D1%80%D0%B5%D0%B5%D0%B2%D0%B8%D1%87"
1722362,400,ГРИГОРЬЕВ,АЛЕКСАНДР,ВЛАДИМИРОВИЧ,"https://ru.wikipedia.org/wiki/%D0%93%D1%80%D0%B8%D0%B3%D0%BE%D1%80%D1%8C%D0%B5%D0%B2,_%D0%90%D0%BB%D0%B5%D0%BA%D1%81%D0%B0%D0%BD%D0%B4%D1%80_%D0%92%D0%BB%D0%B0%D0%B4%D0%B8%D0%BC%D0%B8%D1%80%D0%BE%D0%B2%D0%B8%D1%87"
1722293,54,ГРИГОРЬЕВ,СЕМЕН,ВЯЧЕСЛАВОВИЧ,"https://ru.wikipedia.org/wiki/%D0%93%D1%80%D0%B8%D0%B3%D0%BE%D1%80%D1%8C%D0%B5%D0%B2,_%D0%A1%D0%B5%D0%BC%D0%B5%D0%BD_%D0%92%D1%8F%D1%87%D0%B5%D1%81%D0%BB%D0%B0%D0%B2%D0%BE%D0%B2%D0%B8%D1%87"
1722294,55,ГРИЦАЙ,СЕРГЕЙ,НИКОЛАЕВИЧ,"https://ru.wikipedia.org/wiki/%D0%93%D1%80%D0%B8%D1%86%D0%B0%D0%B9,_%D0%A1%D0%B5%D1%80%D0%B3%D0%B5%D0%B9_%D0%9D%D0%B8%D0%BA%D0%BE%D0%BB%D0%B0%D0%B5%D0%B2%D0%B8%D1%87"
835957,56,ГРОЗОВ,АНДРЕЙ,ЮРЬЕВИЧ,"https://ru.wikipedia.org/wiki/%D0%93%D1%80%D0%BE%D0%B7%D0%BE%D0%B2,_%D0%90%D0%BD%D0%B4%D1%80%D0%B5%D0%B9_%D0%AE%D1%80%D1%8C%D0%B5%D0%B2%D0%B8%D1%87"
836601,57,ГРОМЫКО,ИГОРЬ,АНАТОЛЬЕВИЧ,"https://ru.wikipedia.org/wiki/%D0%93%D1%80%D0%BE%D0%BC%D1%8B%D0%BA%D0%BE,_%D0%98%D0%B3%D0%BE%D1%80%D1%8C_%D0%90%D0%BD%D0%B0%D1%82%D0%BE%D0%BB%D1%8C%D0%B5%D0%B2%D0%B8%D1%87"
836046,60,ГУСЬКОВ,АНДРЕЙ,АНАТОЛЬЕВИЧ,"https://ru.wikipedia.org/wiki/%D0%93%D1%83%D1%81%D1%8C%D0%BA%D0%BE%D0%B2,_%D0%90%D0%BD%D0%B4%D1%80%D0%B5%D0%B9_%D0%90%D0%BD%D0%B0%D1%82%D0%BE%D0%BB%D1%8C%D0%B5%D0%B2%D0%B8%D1%87"
838562,61,ДАРЧИЕВ,АЛЕКСАНДР,НИКИТИЧ,"https://ru.wikipedia.org/wiki/%D0%94%D0%B0%D1%80%D1%87%D0%B8%D0%B5%D0%B2,_%D0%90%D0%BB%D0%B5%D0%BA%D1%81%D0%B0%D0%BD%D0%B4%D1%80_%D0%9D%D0%B8%D0%BA%D0%B8%D1%82%D0%B8%D1%87"
1722305,228,ДАУДОВ,ТУРКО,,"https://ru.wikipedia.org/wiki/%D0%94%D0%B0%D1%83%D0%B4%D0%BE%D0%B2,_%D0%A2%D1%83%D1%80%D0%BA%D0%BE_%D0%98%D0%BB%D0%BC%D0%B0%D0%B4%D0%B8%D0%B5%D0%B2%D0%B8%D1%87"
839476,229,ДВИНЯНИН,АЛЕКСЕЙ,АРКАДЬЕВИЧ,"https://ru.wikipedia.org/wiki/%D0%94%D0%B2%D0%B8%D0%BD%D1%8F%D0%BD%D0%B8%D0%BD,_%D0%90%D0%BB%D0%B5%D0%BA%D1%81%D0%B5%D0%B9_%D0%90%D1%80%D0%BA%D0%B0%D0%B4%D1%8C%D0%B5%D0%B2%D0%B8%D1%87"
1722035,62,ДЕДОВ,АЛЕКСЕЙ,ЮРЬЕВИЧ,"https://ru.wikipedia.org/wiki/%D0%94%D0%B5%D0%B4%D0%BE%D0%B2,_%D0%90%D0%BB%D0%B5%D0%BA%D1%81%D0%B5%D0%B9_%D0%AE%D1%80%D1%8C%D0%B5%D0%B2%D0%B8%D1%87"
1721821,230,ДЕЙНЕГО,ВЛАДИСЛАВ,НИКОЛАЕВИЧ,"https://ru.wikipedia.org/wiki/%D0%94%D0%B5%D0%B9%D0%BD%D0%B5%D0%B3%D0%BE,_%D0%92%D0%BB%D0%B0%D0%B4%D0%B8%D1%81%D0%BB%D0%B0%D0%B2_%D0%9D%D0%B8%D0%BA%D0%BE%D0%BB%D0%B0%D0%B5%D0%B2%D0%B8%D1%87"
1722036,232,ДЕМИН,АЛЕКСЕЙ,МИХАЙЛОВИЧ,"https://ru.wikipedia.org/wiki/%D0%94%D1%91%D0%BC%D0%B8%D0%BD,_%D0%90%D0%BB%D0%B5%D0%BA%D1%81%D0%B5%D0%B9_%D0%9C%D0%B8%D1%85%D0%B0%D0%B9%D0%BB%D0%BE%D0%B2%D0%B8%D1%87_(%D0%B4%D0%B8%D0%BF%D0%BB%D0%BE%D0%BC%D0%B0%D1%82)"
842473,63,ДЕСЯТНИКОВ,ГЛЕБ,ФЕЛИКСОВИЧ,"https://ru.wikipedia.org/wiki/%D0%94%D0%B5%D1%81%D1%8F%D1%82%D0%BD%D0%B8%D0%BA%D0%BE%D0%B2,_%D0%93%D0%BB%D0%B5%D0%B1_%D0%A4%D0%B5%D0%BB%D0%B8%D0%BA%D1%81%D0%BE%D0%B2%D0%B8%D1%87"
1722295,64,ДЖАГАРЯН,ЛЕВАН,СЕМЕНОВИЧ,"https://ru.wikipedia.org/wiki/%D0%94%D0%B6%D0%B0%D0%B3%D0%B0%D1%80%D1%8F%D0%BD,_%D0%9B%D0%B5%D0%B2%D0%B0%D0%BD_%D0%A1%D0%B5%D0%BC%D0%B5%D0%BD%D0%BE%D0%B2%D0%B8%D1%87"
841804,65,ДОВГАЛЕНКО,ТАТЬЯНА,ЕВГЕНЬЕВНА,"https://ru.wikipedia.org/wiki/%D0%94%D0%BE%D0%B2%D0%B3%D0%B0%D0%BB%D0%B5%D0%BD%D0%BA%D0%BE,_%D0%A2%D0%B0%D1%82%D1%8C%D1%8F%D0%BD%D0%B0_%D0%95%D0%B2%D0%B3%D0%B5%D0%BD%D1%8C%D0%B5%D0%B2%D0%BD%D0%B0"
836739,66,ДОГАДКИН,ДМИТРИЙ,НИКОЛАЕВИЧ,"https://ru.wikipedia.org/wiki/%D0%94%D0%BE%D0%B3%D0%B0%D0%B4%D0%BA%D0%B8%D0%BD,_%D0%94%D0%BC%D0%B8%D1%82%D1%80%D0%B8%D0%B9_%D0%9D%D0%B8%D0%BA%D0%BE%D0%BB%D0%B0%D0%B5%D0%B2%D0%B8%D1%87"
1721825,67,ДРОБИНИН,АЛЕКСЕЙ,ЮРЬЕВИЧ,"https://ru.wikipedia.org/wiki/%D0%94%D1%80%D0%BE%D0%B1%D0%B8%D0%BD%D0%B8%D0%BD,_%D0%90%D0%BB%D0%B5%D0%BA%D1%81%D0%B5%D0%B9_%D0%AE%D1%80%D1%8C%D0%B5%D0%B2%D0%B8%D1%87"
845813,68,ЕВДОКИМОВ,ИГОРЬ,ДМИТРИЕВИЧ,"https://ru.wikipedia.org/wiki/%D0%95%D0%B2%D0%B4%D0%BE%D0%BA%D0%B8%D0%BC%D0%BE%D0%B2,_%D0%98%D0%B3%D0%BE%D1%80%D1%8C_%D0%94%D0%BC%D0%B8%D1%82%D1%80%D0%B8%D0%B5%D0%B2%D0%B8%D1%87"
1722037,69,ЕВДОКИМОВ,МИХАИЛ,НИКОЛАЕВИЧ,"https://ru.wikipedia.org/wiki/%D0%95%D0%B2%D0%B4%D0%BE%D0%BA%D0%B8%D0%BC%D0%BE%D0%B2,_%D0%9C%D0%B8%D1%85%D0%B0%D0%B8%D0%BB_%D0%9D%D0%B8%D0%BA%D0%BE%D0%BB%D0%B0%D0%B5%D0%B2%D0%B8%D1%87"
837490,70,ЕВСИКОВ,АЛЕКСЕЙ,НИКОЛАЕВИЧ,"https://ru.wikipedia.org/wiki/%D0%95%D0%B2%D1%81%D0%B8%D0%BA%D0%BE%D0%B2,_%D0%90%D0%BB%D0%B5%D0%BA%D1%81%D0%B5%D0%B9_%D0%9D%D0%B8%D0%BA%D0%BE%D0%BB%D0%B0%D0%B5%D0%B2%D0%B8%D1%87"
836227,71,ЕГОРОВ,АЛЕКСАНДР,РЭМОВИЧ,"https://ru.wikipedia.org/wiki/%D0%95%D0%B3%D0%BE%D1%80%D0%BE%D0%B2,_%D0%90%D0%BB%D0%B5%D0%BA%D1%81%D0%B0%D0%BD%D0%B4%D1%80_%D0%A0%D1%8D%D0%BC%D0%BE%D0%B2%D0%B8%D1%87"
844636,72,ЕРХОВ,АЛЕКСЕЙ,ВЛАДИМИРОВИЧ,"https://ru.wikipedia.org/wiki/%D0%95%D1%80%D1%85%D0%BE%D0%B2,_%D0%90%D0%BB%D0%B5%D0%BA%D1%81%D0%B5%D0%B9_%D0%92%D0%BB%D0%B0%D0%B4%D0%B8%D0%BC%D0%B8%D1%80%D0%BE%D0%B2%D0%B8%D1%87"
836710,73,ЕФИМОВ,АЛЕКСАНДР,ВЛАДИМИРОВИЧ,"https://ru.wikipedia.org/wiki/%D0%95%D1%84%D0%B8%D0%BC%D0%BE%D0%B2,_%D0%90%D0%BB%D0%B5%D0%BA%D1%81%D0%B0%D0%BD%D0%B4%D1%80_%D0%92%D0%BB%D0%B0%D0%B4%D0%B8%D0%BC%D0%B8%D1%80%D0%BE%D0%B2%D0%B8%D1%87"
842998,74,ЖЕЛТОВ,ВЛАДИМИР,ФИЛИППОВИЧ,"https://ru.wikipedia.org/wiki/%D0%96%D0%B5%D0%BB%D1%82%D0%BE%D0%B2,_%D0%92%D0%BB%D0%B0%D0%B4%D0%B8%D0%BC%D0%B8%D1%80_%D0%A4%D0%B8%D0%BB%D0%B8%D0%BF%D0%BF%D0%BE%D0%B2%D0%B8%D1%87"
844962,239,ЖЕСТКИЙ,СЕРГЕЙ,ВЛАДИМИРОВИЧ,"https://ru.wikipedia.org/wiki/%D0%96%D0%B5%D1%81%D1%82%D0%BA%D0%B8%D0%B9,_%D0%A1%D0%B5%D1%80%D0%B3%D0%B5%D0%B9_%D0%92%D0%BB%D0%B0%D0%B4%D0%B8%D0%BC%D0%B8%D1%80%D0%BE%D0%B2%D0%B8%D1%87"
837083,75,ЖИЛКО,БОРИС,АНАТОЛЬЕВИЧ,"https://ru.wikipedia.org/wiki/%D0%96%D0%B8%D0%BB%D0%BA%D0%BE,_%D0%91%D0%BE%D1%80%D0%B8%D1%81_%D0%90%D0%BD%D0%B0%D1%82%D0%BE%D0%BB%D1%8C%D0%B5%D0%B2%D0%B8%D1%87"
845853,240,ЖИРНОВ,ДМИТРИЙ,АЛЕКСАНДРОВИЧ,"https://ru.wikipedia.org/wiki/%D0%96%D0%B8%D1%80%D0%BD%D0%BE%D0%B2,_%D0%94%D0%BC%D0%B8%D1%82%D1%80%D0%B8%D0%B9_%D0%90%D0%BB%D0%B5%D0%BA%D1%81%D0%B0%D0%BD%D0%B4%D1%80%D0%BE%D0%B2%D0%B8%D1%87"
838373,241,ЗАБИРОВ,ТИМУР,ФАТЕХОВИЧ,"https://ru.wikipedia.org/wiki/%D0%97%D0%B0%D0%B1%D0%B8%D1%80%D0%BE%D0%B2,_%D0%A2%D0%B8%D0%BC%D1%83%D1%80_%D0%A4%D0%B0%D1%82%D0%B5%D1%85%D0%BE%D0%B2%D0%B8%D1%87"
834257,76,ЗАГАЙНОВ,ЕВГЕНИЙ,ТИМОФЕЕВИЧ,"https://ru.wikipedia.org/wiki/%D0%97%D0%B0%D0%B3%D0%B0%D0%B9%D0%BD%D0%BE%D0%B2,_%D0%95%D0%B2%D0%B3%D0%B5%D0%BD%D0%B8%D0%B9_%D0%A2%D0%B8%D0%BC%D0%BE%D1%84%D0%B5%D0%B5%D0%B2%D0%B8%D1%87"
1722040,242,ЗАЙЦЕВ,АЛЕКСЕЙ,АНАТОЛЬЕВИЧ,"https://ru.wikipedia.org/wiki/%D0%97%D0%B0%D0%B9%D1%86%D0%B5%D0%B2,_%D0%90%D0%BB%D0%B5%D0%BA%D1%81%D0%B5%D0%B9_%D0%90%D0%BD%D0%B0%D1%82%D0%BE%D0%BB%D1%8C%D0%B5%D0%B2%D0%B8%D1%87_(%D0%B4%D0%B8%D0%BF%D0%BB%D0%BE%D0%BC%D0%B0%D1%82)"
1722042,77,ЗАХАРОВА,МАРИЯ,ВЛАДИМИРОВНА,"https://ru.wikipedia.org/wiki/%D0%97%D0%B0%D1%85%D0%B0%D1%80%D0%BE%D0%B2%D0%B0,_%D0%9C%D0%B0%D1%80%D0%B8%D1%8F_%D0%92%D0%BB%D0%B0%D0%B4%D0%B8%D0%BC%D0%B8%D1%80%D0%BE%D0%B2%D0%BD%D0%B0"
1722043,78,ЗЕЙНАЛОВА,ИРАДА,АВТАНДИЛОВНА,"https://ru.wikipedia.org/wiki/%D0%97%D0%B5%D0%B9%D0%BD%D0%B0%D0%BB%D0%BE%D0%B2%D0%B0,_%D0%98%D1%80%D0%B0%D0%B4%D0%B0_%D0%90%D0%B2%D1%82%D0%B0%D0%BD%D0%B4%D0%B8%D0%BB%D0%BE%D0%B2%D0%BD%D0%B0"
1721831,79,ЗИНОВЬЕВ,ГЕОРГИЙ,ВЕНИАМИНОВИЧ,"https://ru.wikipedia.org/wiki/%D0%97%D0%B8%D0%BD%D0%BE%D0%B2%D1%8C%D0%B5%D0%B2,_%D0%93%D0%B5%D0%BE%D1%80%D0%B3%D0%B8%D0%B9_%D0%92%D0%B5%D0%BD%D0%B8%D0%B0%D0%BC%D0%B8%D0%BD%D0%BE%D0%B2%D0%B8%D1%87"
841896,80,ЗМЕЕВСКИЙ,АЛЕКСАНДР,ВЛАДИМИРОВИЧ,"https://ru.wikipedia.org/wiki/%D0%97%D0%BC%D0%B5%D0%B5%D0%B2%D1%81%D0%BA%D0%B8%D0%B9,_%D0%90%D0%BB%D0%B5%D0%BA%D1%81%D0%B0%D0%BD%D0%B4%D1%80_%D0%92%D0%BB%D0%B0%D0%B4%D0%B8%D0%BC%D0%B8%D1%80%D0%BE%D0%B2%D0%B8%D1%87"
1722296,81,ЗОЛОТОВ,АЛЕКСАНДР,ЮРЬЕВИЧ,"https://ru.wikipedia.org/wiki/%D0%97%D0%BE%D0%BB%D0%BE%D1%82%D0%BE%D0%B2,_%D0%90%D0%BB%D0%B5%D0%BA%D1%81%D0%B0%D0%BD%D0%B4%D1%80_%D0%AE%D1%80%D1%8C%D0%B5%D0%B2%D0%B8%D1%87_(%D0%B4%D0%B8%D0%BF%D0%BB%D0%BE%D0%BC%D0%B0%D1%82)"
840928,82,ЗУЕВ,ГЕОРГИЙ,ВИКТОРОВИЧ,"https://ru.wikipedia.org/wiki/%D0%97%D1%83%D0%B5%D0%B2,_%D0%93%D0%B5%D0%BE%D1%80%D0%B3%D0%B8%D0%B9_%D0%92%D0%B8%D0%BA%D1%82%D0%BE%D1%80%D0%BE%D0%B2%D0%B8%D1%87"
1722307,244,ЗЫКОВ,ДМИТРИЙ,КОНСТАНТИНОВИЧ,"https://ru.wikipedia.org/wiki/%D0%97%D1%8B%D0%BA%D0%BE%D0%B2,_%D0%94%D0%BC%D0%B8%D1%82%D1%80%D0%B8%D0%B9_%D0%9A%D0%BE%D0%BD%D1%81%D1%82%D0%B0%D0%BD%D1%82%D0%B8%D0%BD%D0%BE%D0%B2%D0%B8%D1%87"
1722044,84,ИВАНОВ,АНДРЕЙ,ПАВЛОВИЧ,"https://ru.wikipedia.org/wiki/%D0%98%D0%B2%D0%B0%D0%BD%D0%BE%D0%B2,_%D0%90%D0%BD%D0%B4%D1%80%D0%B5%D0%B9_%D0%9F%D0%B0%D0%B2%D0%BB%D0%BE%D0%B2%D0%B8%D1%87"
1722045,245,ИЛЬИЧЕВ,ПЕТР,ВИКТОРОВИЧ,"https://ru.wikipedia.org/wiki/%D0%98%D0%BB%D1%8C%D0%B8%D1%87%D0%B5%D0%B2,_%D0%9F%D0%B5%D1%82%D1%80_%D0%92%D0%B8%D0%BA%D1%82%D0%BE%D1%80%D0%BE%D0%B2%D0%B8%D1%87"
840894,86,ИСАКОВ,АЛЕКСЕЙ,ВИКТОРОВИЧ,"https://ru.wikipedia.org/wiki/%D0%98%D1%81%D0%B0%D0%BA%D0%BE%D0%B2,_%D0%90%D0%BB%D0%B5%D0%BA%D1%81%D0%B5%D0%B9_%D0%92%D0%B8%D0%BA%D1%82%D0%BE%D1%80%D0%BE%D0%B2%D0%B8%D1%87"
842871,87,ИСКАНДАРОВ,ИЛЬЯС,ФАРХАДОВИЧ,"https://ru.wikipedia.org/wiki/%D0%98%D1%81%D0%BA%D0%B0%D0%BD%D0%B4%D0%B0%D1%80%D0%BE%D0%B2,_%D0%98%D0%BB%D1%8C%D1%8F%D1%81_%D0%A4%D0%B0%D1%80%D1%85%D0%B0%D0%B4%D0%BE%D0%B2%D0%B8%D1%87"
1721835,88,КАБУЛОВ,ЗАМИР,НАБИЕВИЧ,"https://ru.wikipedia.org/wiki/%D0%9A%D0%B0%D0%B1%D1%83%D0%BB%D0%BE%D0%B2,_%D0%97%D0%B0%D0%BC%D0%B8%D1%80_%D0%9D%D0%B0%D0%B1%D0%B8%D0%B5%D0%B2%D0%B8%D1%87"
836855,89,КАЛАБУХОВ,ИГОРЬ,АНДРЕЕВИЧ,"https://ru.wikipedia.org/wiki/%D0%9A%D0%B0%D0%BB%D0%B0%D0%B1%D1%83%D1%85%D0%BE%D0%B2,_%D0%98%D0%B3%D0%BE%D1%80%D1%8C_%D0%90%D0%BD%D0%B4%D1%80%D0%B5%D0%B5%D0%B2%D0%B8%D1%87"
1722385,443,КАЛИНИН,АНДРЕЙ,ВИКТОРОВИЧ,"https://ru.wikipedia.org/wiki/%D0%9A%D0%B0%D0%BB%D0%B8%D0%BD%D0%B8%D0%BD,_%D0%90%D0%BD%D0%B4%D1%80%D0%B5%D0%B9_%D0%92%D0%B8%D0%BA%D1%82%D0%BE%D1%80%D0%BE%D0%B2%D0%B8%D1%87"
845638,247,КАЛИНИН,ВЛАДИМИР,АНАТОЛЬЕВИЧ,"https://ru.wikipedia.org/wiki/%D0%9A%D0%B0%D0%BB%D0%B8%D0%BD%D0%B8%D0%BD,_%D0%92%D0%BB%D0%B0%D0%B4%D0%B8%D0%BC%D0%B8%D1%80_%D0%90%D0%BD%D0%B0%D1%82%D0%BE%D0%BB%D1%8C%D0%B5%D0%B2%D0%B8%D1%87"
844311,90,КАМЫНИН,МИХАИЛ,ЛЕОНИДОВИЧ,"https://ru.wikipedia.org/wiki/%D0%9A%D0%B0%D0%BC%D1%8B%D0%BD%D0%B8%D0%BD,_%D0%9C%D0%B8%D1%85%D0%B0%D0%B8%D0%BB_%D0%9B%D0%B5%D0%BE%D0%BD%D0%B8%D0%B4%D0%BE%D0%B2%D0%B8%D1%87"
846211,91,КЕЛИН,АНДРЕЙ,ВЛАДИМИРОВИЧ,"https://ru.wikipedia.org/wiki/%D0%9A%D0%B5%D0%BB%D0%B8%D0%BD,_%D0%90%D0%BD%D0%B4%D1%80%D0%B5%D0%B9_%D0%92%D0%BB%D0%B0%D0%B4%D0%B8%D0%BC%D0%B8%D1%80%D0%BE%D0%B2%D0%B8%D1%87"
840271,92,КЕМАРСКИЙ,АНДРЕЙ,ВАДИМОВИЧ,"https://ru.wikipedia.org/wiki/%D0%9A%D0%B5%D0%BC%D0%B0%D1%80%D1%81%D0%BA%D0%B8%D0%B9,_%D0%90%D0%BD%D0%B4%D1%80%D0%B5%D0%B9_%D0%92%D0%B0%D0%B4%D0%B8%D0%BC%D0%BE%D0%B2%D0%B8%D1%87"
1721838,93,КИНЩАК,АЛЕКСАНДР,АЛЕКСАНДРОВИЧ,"https://ru.wikipedia.org/wiki/%D0%9A%D0%B8%D0%BD%D1%89%D0%B0%D0%BA,_%D0%90%D0%BB%D0%B5%D0%BA%D1%81%D0%B0%D0%BD%D0%B4%D1%80_%D0%90%D0%BB%D0%B5%D0%BA%D1%81%D0%B0%D0%BD%D0%B4%D1%80%D0%BE%D0%B2%D0%B8%D1%87"
841377,94,КЛИМЕНКО,ЮРИЙ,НИКОЛАЕВИЧ,"https://ru.wikipedia.org/wiki/%D0%9A%D0%BB%D0%B8%D0%BC%D0%B5%D0%BD%D0%BA%D0%BE,_%D0%AE%D1%80%D0%B8%D0%B9_%D0%9D%D0%B8%D0%BA%D0%BE%D0%BB%D0%B0%D0%B5%D0%B2%D0%B8%D1%87"
842776,95,КЛИМОВ,АЛЕКСЕЙ,ВЛАДИМИРОВИЧ,"https://ru.wikipedia.org/wiki/%D0%9A%D0%BB%D0%B8%D0%BC%D0%BE%D0%B2,_%D0%90%D0%BB%D0%B5%D0%BA%D1%81%D0%B5%D0%B9_%D0%92%D0%BB%D0%B0%D0%B4%D0%B8%D0%BC%D0%B8%D1%80%D0%BE%D0%B2%D0%B8%D1%87_(%D0%B4%D0%B8%D0%BF%D0%BB%D0%BE%D0%BC%D0%B0%D1%82)"
834855,96,КЛИМОВСКИЙ,КОНСТАНТИН,ВЯЧЕСЛАВОВИЧ,"https://ru.wikipedia.org/wiki/%D0%9A%D0%BB%D0%B8%D0%BC%D0%BE%D0%B2%D1%81%D0%BA%D0%B8%D0%B9,_%D0%9A%D0%BE%D0%BD%D1%81%D1%82%D0%B0%D0%BD%D1%82%D0%B8%D0%BD_%D0%92%D1%8F%D1%87%D0%B5%D1%81%D0%BB%D0%B0%D0%B2%D0%BE%D0%B2%D0%B8%D1%87"
1721839,252,КОЖАНОВ,КОНСТАНТИН,ПЕТРОВИЧ,"https://ru.wikipedia.org/wiki/%D0%9A%D0%BE%D0%B6%D0%B0%D0%BD%D0%BE%D0%B2,_%D0%9A%D0%BE%D0%BD%D1%81%D1%82%D0%B0%D0%BD%D1%82%D0%B8%D0%BD_%D0%9F%D0%B5%D1%82%D1%80%D0%BE%D0%B2%D0%B8%D1%87"
835245,97,КОЖИН,АРТЁМ,АЛЕКСАНДРОВИЧ,"https://ru.wikipedia.org/wiki/%D0%9A%D0%BE%D0%B6%D0%B8%D0%BD,_%D0%90%D1%80%D1%82%D1%91%D0%BC_%D0%90%D0%BB%D0%B5%D0%BA%D1%81%D0%B0%D0%BD%D0%B4%D1%80%D0%BE%D0%B2%D0%B8%D1%87"
841087,98,КОЗЛОВ,СЕРГЕЙ,ГЕОРГИЕВИЧ,"https://ru.wikipedia.org/wiki/%D0%9A%D0%BE%D0%B7%D0%BB%D0%BE%D0%B2,_%D0%A1%D0%B5%D1%80%D0%B3%D0%B5%D0%B9_%D0%93%D0%B5%D0%BE%D1%80%D0%B3%D0%B8%D0%B5%D0%B2%D0%B8%D1%87"
840464,99,КОПЫРКИН,СЕРГЕЙ,ПАВЛОВИЧ,"https://ru.wikipedia.org/wiki/%D0%9A%D0%BE%D0%BF%D1%8B%D1%80%D0%BA%D0%B8%D0%BD,_%D0%A1%D0%B5%D1%80%D0%B3%D0%B5%D0%B9_%D0%9F%D0%B0%D0%B2%D0%BB%D0%BE%D0%B2%D0%B8%D1%87"
1722309,254,КОРЕПАНОВ,ДМИТРИЙ,ГЕНИЕВИЧ,"https://ru.wikipedia.org/wiki/%D0%9A%D0%BE%D1%80%D0%B5%D0%BF%D0%B0%D0%BD%D0%BE%D0%B2,_%D0%94%D0%BC%D0%B8%D1%82%D1%80%D0%B8%D0%B9_%D0%93%D0%B5%D0%BD%D0%B8%D0%B5%D0%B2%D0%B8%D1%87"
839948,100,КОРОНЕЛЛИ,ВИКТОР,ВИКТОРОВИЧ,"https://ru.wikipedia.org/wiki/%D0%9A%D0%BE%D1%80%D0%BE%D0%BD%D0%B5%D0%BB%D0%BB%D0%B8,_%D0%92%D0%B8%D0%BA%D1%82%D0%BE%D1%80_%D0%92%D0%B8%D0%BA%D1%82%D0%BE%D1%80%D0%BE%D0%B2%D0%B8%D1%87"
1721848,101,КОРЧУНОВ,НИКОЛАЙ,ВИКТОРОВИЧ,"https://ru.wikipedia.org/wiki/%D0%9A%D0%BE%D1%80%D1%87%D1%83%D0%BD%D0%BE%D0%B2,_%D0%9D%D0%B8%D0%BA%D0%BE%D0%BB%D0%B0%D0%B9_%D0%92%D0%B8%D0%BA%D1%82%D0%BE%D1%80%D0%BE%D0%B2%D0%B8%D1%87"
835121,102,КОШКИН,СЕРГЕЙ,НИКОЛАЕВИЧ,"https://ru.wikipedia.org/wiki/%D0%9A%D0%BE%D1%88%D0%BA%D0%B8%D0%BD,_%D0%A1%D0%B5%D1%80%D0%B3%D0%B5%D0%B9_%D0%9D%D0%B8%D0%BA%D0%BE%D0%BB%D0%B0%D0%B5%D0%B2%D0%B8%D1%87"
843622,256,КРАСИЛЬНИКОВ,НИКОЛАЙ,ВЛАДИМИРОВИЧ,"https://ru.wikipedia.org/wiki/%D0%9A%D1%80%D0%B0%D1%81%D0%B8%D0%BB%D1%8C%D0%BD%D0%B8%D0%BA%D0%BE%D0%B2,_%D0%9D%D0%B8%D0%BA%D0%BE%D0%BB%D0%B0%D0%B9_%D0%92%D0%BB%D0%B0%D0%B4%D0%B8%D0%BC%D0%B8%D1%80%D0%BE%D0%B2%D0%B8%D1%87"
842041,258,КРЕМНЕВ,ИГОРЬ,АЛЕКСАНДРОВИЧ,"https://ru.wikipedia.org/wiki/%D0%9A%D1%80%D0%B5%D0%BC%D0%BD%D0%B5%D0%B2,_%D0%98%D0%B3%D0%BE%D1%80%D1%8C_%D0%90%D0%BB%D0%B5%D0%BA%D1%81%D0%B0%D0%BD%D0%B4%D1%80%D0%BE%D0%B2%D0%B8%D1%87"
845643,103,КУДАШЕВ,НИКОЛАЙ,РИШАТОВИЧ,"https://ru.wikipedia.org/wiki/%D0%9A%D1%83%D0%B4%D0%B0%D1%88%D0%B5%D0%B2,_%D0%9D%D0%B8%D0%BA%D0%BE%D0%BB%D0%B0%D0%B9_%D0%A0%D0%B8%D1%88%D0%B0%D1%82%D0%BE%D0%B2%D0%B8%D1%87"
1721856,485,КУДРОВ,ЕВГЕНИЙ,АЛЕКСАНДРОВИЧ,"https://ru.wikipedia.org/wiki/%D0%9A%D1%83%D0%B4%D1%80%D0%BE%D0%B2,_%D0%95%D0%B2%D0%B3%D0%B5%D0%BD%D0%B8%D0%B9_%D0%90%D0%BB%D0%B5%D0%BA%D1%81%D0%B0%D0%BD%D0%B4%D1%80%D0%BE%D0%B2%D0%B8%D1%87"
843202,104,КУЗНЕЦОВ,ПАВЕЛ,МАРАТОВИЧ,"https://ru.wikipedia.org/wiki/%D0%9A%D1%83%D0%B7%D0%BD%D0%B5%D1%86%D0%BE%D0%B2,_%D0%9F%D0%B0%D0%B2%D0%B5%D0%BB_%D0%9C%D0%B0%D1%80%D0%B0%D1%82%D0%BE%D0%B2%D0%B8%D1%87"
841443,105,КУЗЬМИН,ВАЛЕРИЙ,ИВАНОВИЧ,"https://ru.wikipedia.org/wiki/%D0%9A%D1%83%D0%B7%D1%8C%D0%BC%D0%B8%D0%BD,_%D0%92%D0%B0%D0%BB%D0%B5%D1%80%D0%B8%D0%B9_%D0%98%D0%B2%D0%B0%D0%BD%D0%BE%D0%B2%D0%B8%D1%87"
1721858,106,КУЛАХМЕТОВ,МАРАТ,МИНЮРОВИЧ,"https://ru.wikipedia.org/wiki/%D0%9A%D1%83%D0%BB%D0%B0%D1%85%D0%BC%D0%B5%D1%82%D0%BE%D0%B2,_%D0%9C%D0%B0%D1%80%D0%B0%D1%82_%D0%9C%D0%B8%D0%BD%D1%8E%D1%80%D0%BE%D0%B2%D0%B8%D1%87"
843662,107,КУЛИК,АНДРЕЙ,БОРИСОВИЧ,"https://ru.wikipedia.org/wiki/%D0%9A%D1%83%D0%BB%D0%B8%D0%BA,_%D0%90%D0%BD%D0%B4%D1%80%D0%B5%D0%B9_%D0%91%D0%BE%D1%80%D0%B8%D1%81%D0%BE%D0%B2%D0%B8%D1%87"
1721860,108,КУЛЬМУХАМЕТОВ,АЗАМАТ,РАХМЕТОВИЧ,"https://ru.wikipedia.org/wiki/%D0%9A%D1%83%D0%BB%D1%8C%D0%BC%D1%83%D1%85%D0%B0%D0%BC%D0%B5%D1%82%D0%BE%D0%B2,_%D0%90%D0%B7%D0%B0%D0%BC%D0%B0%D1%82_%D0%A0%D0%B0%D1%85%D0%BC%D0%B5%D1%82%D0%BE%D0%B2%D0%B8%D1%87"
834214,109,КУРАКОВ,ДМИТРИЙ,ВИКТОРОВИЧ,"https://ru.wikipedia.org/wiki/%D0%9A%D1%83%D1%80%D0%B0%D0%BA%D0%BE%D0%B2,_%D0%94%D0%BC%D0%B8%D1%82%D1%80%D0%B8%D0%B9_%D0%92%D0%B8%D0%BA%D1%82%D0%BE%D1%80%D0%BE%D0%B2%D0%B8%D1%87"
843395,110,КУРМАЗ,АЛЕКСАНДР,СЕРГЕЕВИЧ,"https://ru.wikipedia.org/wiki/%D0%9A%D1%83%D1%80%D0%BC%D0%B0%D0%B7,_%D0%90%D0%BB%D0%B5%D0%BA%D1%81%D0%B0%D0%BD%D0%B4%D1%80_%D0%A1%D0%B5%D1%80%D0%B3%D0%B5%D0%B5%D0%B2%D0%B8%D1%87"
843245,260,КУТРАШЕВ,ЭЛЬБРУС,КИРИЛЛОВИЧ,"https://ru.wikipedia.org/wiki/%D0%9A%D1%83%D1%82%D1%80%D0%B0%D1%88%D0%B5%D0%B2,_%D0%AD%D0%BB%D1%8C%D0%B1%D1%80%D1%83%D1%81_%D0%9A%D0%B8%D1%80%D0%B8%D0%BB%D0%BB%D0%BE%D0%B2%D0%B8%D1%87"
836909,111,ЛАБЕЦКИЙ,АЛЕКСЕЙ,КАЗИМИРОВИЧ,"https://ru.wikipedia.org/wiki/%D0%9B%D0%B0%D0%B1%D0%B5%D1%86%D0%BA%D0%B8%D0%B9,_%D0%90%D0%BB%D0%B5%D0%BA%D1%81%D0%B5%D0%B9_%D0%9A%D0%B0%D0%B7%D0%B8%D0%BC%D0%B8%D1%80%D0%BE%D0%B2%D0%B8%D1%87"
844887,113,ЛАТЫПОВ,НАИЛЬ,МАЗГУТОВИЧ,"https://ru.wikipedia.org/wiki/%D0%9B%D0%B0%D1%82%D1%8B%D0%BF%D0%BE%D0%B2,_%D0%9D%D0%B0%D0%B8%D0%BB%D1%8C_%D0%9C%D0%B0%D0%B7%D0%B3%D1%83%D1%82%D0%BE%D0%B2%D0%B8%D1%87"
1722049,261,ЛЕВИН,ОЛЕГ,ВЛАДИМИРОВИЧ,"https://ru.wikipedia.org/wiki/%D0%9B%D0%B5%D0%B2%D0%B8%D0%BD,_%D0%9E%D0%BB%D0%B5%D0%B3_%D0%92%D0%BB%D0%B0%D0%B4%D0%B8%D0%BC%D0%B8%D1%80%D0%BE%D0%B2%D0%B8%D1%87"
1722297,114,ЛЕДЕНЕВ,МИХАИЛ,НИКОЛАЕВИЧ,"https://ru.wikipedia.org/wiki/%D0%9B%D0%B5%D0%B4%D0%B5%D0%BD%D0%B5%D0%B2,_%D0%9C%D0%B8%D1%85%D0%B0%D0%B8%D0%BB_%D0%9D%D0%B8%D0%BA%D0%BE%D0%BB%D0%B0%D0%B5%D0%B2%D0%B8%D1%87"
844639,115,ЛИПАЕВ,ВЛАДИМИР,ГЕОРГИЕВИЧ,"https://ru.wikipedia.org/wiki/%D0%9B%D0%B8%D0%BF%D0%B0%D0%B5%D0%B2,_%D0%92%D0%BB%D0%B0%D0%B4%D0%B8%D0%BC%D0%B8%D1%80_%D0%93%D0%B5%D0%BE%D1%80%D0%B3%D0%B8%D0%B5%D0%B2%D0%B8%D1%87"
837422,116,ЛОБАНОВ,ДМИТРИЙ,ДМИТРИЕВИЧ,"https://ru.wikipedia.org/wiki/%D0%9B%D0%BE%D0%B1%D0%B0%D0%BD%D0%BE%D0%B2,_%D0%94%D0%BC%D0%B8%D1%82%D1%80%D0%B8%D0%B9_%D0%94%D0%BC%D0%B8%D1%82%D1%80%D0%B8%D0%B5%D0%B2%D0%B8%D1%87"
1721865,117,ЛОБАЧ,ДМИТРИЙ,АНАТОЛЬЕВИЧ,"https://ru.wikipedia.org/wiki/%D0%9B%D0%BE%D0%B1%D0%B0%D1%87,_%D0%94%D0%BC%D0%B8%D1%82%D1%80%D0%B8%D0%B9_%D0%90%D0%BD%D0%B0%D1%82%D0%BE%D0%BB%D1%8C%D0%B5%D0%B2%D0%B8%D1%87"
1721867,118,ЛОПУХОВ,АНДРЕЙ,ГЕОРГИЕВИЧ,"https://ru.wikipedia.org/wiki/%D0%9B%D0%BE%D0%BF%D1%83%D1%85%D0%BE%D0%B2,_%D0%90%D0%BD%D0%B4%D1%80%D0%B5%D0%B9_%D0%93%D0%B5%D0%BE%D1%80%D0%B3%D0%B8%D0%B5%D0%B2%D0%B8%D1%87"
836348,119,ЛУКАШЕВИЧ,АЛЕКСАНДР,КАЗИМИРОВИЧ,"https://ru.wikipedia.org/wiki/%D0%9B%D1%83%D0%BA%D0%B0%D1%88%D0%B5%D0%B2%D0%B8%D1%87,_%D0%90%D0%BB%D0%B5%D0%BA%D1%81%D0%B0%D0%BD%D0%B4%D1%80_%D0%9A%D0%B0%D0%B7%D0%B8%D0%BC%D0%B8%D1%80%D0%BE%D0%B2%D0%B8%D1%87"
842601,120,ЛУКАШИК,АЛЕКСАНДР,ПЕТРОВИЧ,"https://ru.wikipedia.org/wiki/%D0%9B%D1%83%D0%BA%D0%B0%D1%88%D0%B8%D0%BA,_%D0%90%D0%BB%D0%B5%D0%BA%D1%81%D0%B0%D0%BD%D0%B4%D1%80_%D0%9F%D0%B5%D1%82%D1%80%D0%BE%D0%B2%D0%B8%D1%87"
839295,122,ЛЮБИНСКИЙ,ДМИТРИЙ,ЕВГЕНЬЕВИЧ,"https://ru.wikipedia.org/wiki/%D0%9B%D1%8E%D0%B1%D0%B8%D0%BD%D1%81%D0%BA%D0%B8%D0%B9,_%D0%94%D0%BC%D0%B8%D1%82%D1%80%D0%B8%D0%B9_%D0%95%D0%B2%D0%B3%D0%B5%D0%BD%D1%8C%D0%B5%D0%B2%D0%B8%D1%87"
1721874,514,МАГУТА,СЕРГЕЙ,МИХАЙЛОВИЧ,"https://ru.wikipedia.org/wiki/%D0%9C%D0%B0%D0%B3%D1%83%D1%82%D0%B0,_%D0%A1%D0%B5%D1%80%D0%B3%D0%B5%D0%B9_%D0%9C%D0%B8%D1%85%D0%B0%D0%B9%D0%BB%D0%BE%D0%B2%D0%B8%D1%87"
1722423,517,МАКАРОВ,НИКОЛАЙ,НИКОЛАЕВИЧ,"https://ru.wikipedia.org/wiki/%D0%9C%D0%B0%D0%BA%D0%B0%D1%80%D0%BE%D0%B2,_%D0%9D%D0%B8%D0%BA%D0%BE%D0%BB%D0%B0%D0%B9_%D0%9D%D0%B8%D0%BA%D0%BE%D0%BB%D0%B0%D0%B5%D0%B2%D0%B8%D1%87"
840732,269,МАКАРОВ,НИКОЛАЙ,ВАЛЕНТИНОВИЧ,"https://ru.wikipedia.org/wiki/%D0%9C%D0%B0%D0%BA%D0%B0%D1%80%D0%BE%D0%B2,_%D0%9D%D0%B8%D0%BA%D0%BE%D0%BB%D0%B0%D0%B9_%D0%92%D0%B0%D0%BB%D0%B5%D0%BD%D1%82%D0%B8%D0%BD%D0%BE%D0%B2%D0%B8%D1%87"
834623,270,МАКСИМОВ,МАКСИМ,КОНСТАНТИНОВИЧ,"https://ru.wikipedia.org/wiki/%D0%9C%D0%B0%D0%BA%D1%81%D0%B8%D0%BC%D0%BE%D0%B2,_%D0%9C%D0%B0%D0%BA%D1%81%D0%B8%D0%BC_%D0%9A%D0%BE%D0%BD%D1%81%D1%82%D0%B0%D0%BD%D1%82%D0%B8%D0%BD%D0%BE%D0%B2%D0%B8%D1%87"
843002,123,МАКСИМЫЧЕВ,ДМИТРИЙ,ИГОРЕВИЧ,"https://ru.wikipedia.org/wiki/%D0%9C%D0%B0%D0%BA%D1%81%D0%B8%D0%BC%D1%8B%D1%87%D0%B5%D0%B2,_%D0%94%D0%BC%D0%B8%D1%82%D1%80%D0%B8%D0%B9_%D0%98%D0%B3%D0%BE%D1%80%D0%B5%D0%B2%D0%B8%D1%87"
1721876,124,МАЛАЯН,ЭДУАРД,РУБЕНОВИЧ,"https://ru.wikipedia.org/wiki/%D0%9C%D0%B0%D0%BB%D0%B0%D1%8F%D0%BD,_%D0%AD%D0%B4%D1%83%D0%B0%D1%80%D0%B4_%D0%A0%D1%83%D0%B1%D0%B5%D0%BD%D0%BE%D0%B2%D0%B8%D1%87"
1721877,519,МАЛЕНКО,АЛЕКСЕЙ,ВЛАДИМИРОВИЧ,"https://ru.wikipedia.org/wiki/%D0%9C%D0%B0%D0%BB%D0%B5%D0%BD%D0%BA%D0%BE,_%D0%90%D0%BB%D0%B5%D0%BA%D1%81%D0%B5%D0%B9_%D0%92%D0%BB%D0%B0%D0%B4%D0%B8%D0%BC%D0%B8%D1%80%D0%BE%D0%B2%D0%B8%D1%87"
1721878,125,МАЛЬГИНОВ,ОЛЕГ,СЕРГЕЕВИЧ,"https://ru.wikipedia.org/wiki/%D0%9C%D0%B0%D0%BB%D1%8C%D0%B3%D0%B8%D0%BD%D0%BE%D0%B2,_%D0%9E%D0%BB%D0%B5%D0%B3_%D0%A1%D0%B5%D1%80%D0%B3%D0%B5%D0%B5%D0%B2%D0%B8%D1%87"
1721879,126,МАНТЫЦКИЙ,АЛЕКСАНДР,ВИКЕНТЬЕВИЧ,"https://ru.wikipedia.org/wiki/%D0%9C%D0%B0%D0%BD%D1%82%D1%8B%D1%86%D0%BA%D0%B8%D0%B9,_%D0%90%D0%BB%D0%B5%D0%BA%D1%81%D0%B0%D0%BD%D0%B4%D1%80_%D0%92%D0%B8%D0%BA%D0%B5%D0%BD%D1%82%D1%8C%D0%B5%D0%B2%D0%B8%D1%87"
1722426,523,МАРТЫНОВ,ИГОРЬ,АЛЕКСАНДРОВИЧ,"https://ru.wikipedia.org/wiki/%D0%9C%D0%B0%D1%80%D1%82%D1%8B%D0%BD%D0%BE%D0%B2,_%D0%98%D0%B3%D0%BE%D1%80%D1%8C_%D0%90%D0%BB%D0%B5%D0%BA%D1%81%D0%B0%D0%BD%D0%B4%D1%80%D0%BE%D0%B2%D0%B8%D1%87_(%D0%B4%D0%B8%D0%BF%D0%BB%D0%BE%D0%BC%D0%B0%D1%82)"
841817,127,МАСЛЕННИКОВ,ВЛАДИСЛАВ,ВЛАДИСЛАВОВИЧ,"https://ru.wikipedia.org/wiki/%D0%9C%D0%B0%D1%81%D0%BB%D0%B5%D0%BD%D0%BD%D0%B8%D0%BA%D0%BE%D0%B2,_%D0%92%D0%BB%D0%B0%D0%B4%D0%B8%D1%81%D0%BB%D0%B0%D0%B2_%D0%92%D0%BB%D0%B0%D0%B4%D0%B8%D1%81%D0%BB%D0%B0%D0%B2%D0%BE%D0%B2%D0%B8%D1%87"
836311,128,МАСЛОВ,АНДРЕЙ,МИХАЙЛОВИЧ,"https://ru.wikipedia.org/wiki/%D0%9C%D0%B0%D1%81%D0%BB%D0%BE%D0%B2,_%D0%90%D0%BD%D0%B4%D1%80%D0%B5%D0%B9_%D0%9C%D0%B8%D1%85%D0%B0%D0%B9%D0%BB%D0%BE%D0%B2%D0%B8%D1%87"
843384,129,МАТЕРИЙ,ЮРИЙ,БОРИСОВИЧ,"https://ru.wikipedia.org/wiki/%D0%9C%D0%B0%D1%82%D0%B5%D1%80%D0%B8%D0%B9,_%D0%AE%D1%80%D0%B8%D0%B9_%D0%91%D0%BE%D1%80%D0%B8%D1%81%D0%BE%D0%B2%D0%B8%D1%87"
845971,130,МАЦЕГОРА,АЛЕКСАНДР,ИВАНОВИЧ,"https://ru.wikipedia.org/wiki/%D0%9C%D0%B0%D1%86%D0%B5%D0%B3%D0%BE%D1%80%D0%B0,_%D0%90%D0%BB%D0%B5%D0%BA%D1%81%D0%B0%D0%BD%D0%B4%D1%80_%D0%98%D0%B2%D0%B0%D0%BD%D0%BE%D0%B2%D0%B8%D1%87"
1721882,528,МАШКОВ,ГРИГОРИЙ,ИВАНОВИЧ,"https://ru.wikipedia.org/wiki/%D0%9C%D0%B0%D1%88%D0%BA%D0%BE%D0%B2,_%D0%93%D1%80%D0%B8%D0%B3%D0%BE%D1%80%D0%B8%D0%B9_%D0%98%D0%B2%D0%B0%D0%BD%D0%BE%D0%B2%D0%B8%D1%87"
846103,131,МЕЛИК-БАГДАСАРОВ,СЕРГЕЙ,МИХАЙЛОВИЧ,"https://ru.wikipedia.org/wiki/%D0%9C%D0%B5%D0%BB%D0%B8%D0%BA-%D0%91%D0%B0%D0%B3%D0%B4%D0%B0%D1%81%D0%B0%D1%80%D0%BE%D0%B2,_%D0%A1%D0%B5%D1%80%D0%B3%D0%B5%D0%B9_%D0%9C%D0%B8%D1%85%D0%B0%D0%B9%D0%BB%D0%BE%D0%B2%D0%B8%D1%87"
11519,132,МЕШКОВ,АЛЕКСЕЙ,ЮРЬЕВИЧ,"https://ru.wikipedia.org/wiki/%D0%9C%D0%B5%D1%88%D0%BA%D0%BE%D0%B2,_%D0%90%D0%BB%D0%B5%D0%BA%D1%81%D0%B5%D0%B9_%D0%AE%D1%80%D1%8C%D0%B5%D0%B2%D0%B8%D1%87"
1721884,272,МИРОШНИК,РОДИОН,ВАЛЕРЬЕВИЧ,"https://ru.wikipedia.org/wiki/%D0%9C%D0%B8%D1%80%D0%BE%D1%88%D0%BD%D0%B8%D0%BA,_%D0%A0%D0%BE%D0%B4%D0%B8%D0%BE%D0%BD_%D0%92%D0%B0%D0%BB%D0%B5%D1%80%D1%8C%D0%B5%D0%B2%D0%B8%D1%87"
838528,134,МИХАЙЛОВ,ВАЛЕРИЙ,АЛЕКСАНДРОВИЧ,"https://ru.wikipedia.org/wiki/%D0%9C%D0%B8%D1%85%D0%B0%D0%B9%D0%BB%D0%BE%D0%B2,_%D0%92%D0%B0%D0%BB%D0%B5%D1%80%D0%B8%D0%B9_%D0%90%D0%BB%D0%B5%D0%BA%D1%81%D0%B0%D0%BD%D0%B4%D1%80%D0%BE%D0%B2%D0%B8%D1%87"
1722315,273,МИХАЙЛОВ,КИРИЛЛ,СЕРГЕЕВИЧ,"https://ru.wikipedia.org/wiki/%D0%9C%D0%B8%D1%85%D0%B0%D0%B9%D0%BB%D0%BE%D0%B2,_%D0%9A%D0%B8%D1%80%D0%B8%D0%BB%D0%BB_%D0%A1%D0%B5%D1%80%D0%B3%D0%B5%D0%B5%D0%B2%D0%B8%D1%87"
1721885,275,МИХНО,ГЕОРГИЙ,ВИКТОРОВИЧ,"https://ru.wikipedia.org/wiki/%D0%9C%D0%B8%D1%85%D0%BD%D0%BE,_%D0%93%D0%B5%D0%BE%D1%80%D0%B3%D0%B8%D0%B9_%D0%92%D0%B8%D0%BA%D1%82%D0%BE%D1%80%D0%BE%D0%B2%D0%B8%D1%87"
841984,276,МОЗГО,ИГОРЬ,НИКОЛАЕВИЧ,"https://ru.wikipedia.org/wiki/%D0%9C%D0%BE%D0%B7%D0%B3%D0%BE,_%D0%98%D0%B3%D0%BE%D1%80%D1%8C_%D0%9D%D0%B8%D0%BA%D0%BE%D0%BB%D0%B0%D0%B5%D0%B2%D0%B8%D1%87"
1721886,277,МОЛОТКОВ,ИВАН,НИКОЛАЕВИЧ,"https://ru.wikipedia.org/wiki/%D0%9C%D0%BE%D0%BB%D0%BE%D1%82%D0%BA%D0%BE%D0%B2,_%D0%98%D0%B2%D0%B0%D0%BD_%D0%9D%D0%B8%D0%BA%D0%BE%D0%BB%D0%B0%D0%B5%D0%B2%D0%B8%D1%87"
11521,135,МОРГУЛОВ,ИГОРЬ,ВЛАДИМИРОВИЧ,"https://ru.wikipedia.org/wiki/%D0%9C%D0%BE%D1%80%D0%B3%D1%83%D0%BB%D0%BE%D0%B2,_%D0%98%D0%B3%D0%BE%D1%80%D1%8C_%D0%92%D0%BB%D0%B0%D0%B4%D0%B8%D0%BC%D0%B8%D1%80%D0%BE%D0%B2%D0%B8%D1%87"
1721887,136,МОРГУНОВ,ИЛЬЯ,АНАТОЛЬЕВИЧ,"https://ru.wikipedia.org/wiki/%D0%9C%D0%BE%D1%80%D0%B3%D1%83%D0%BD%D0%BE%D0%B2,_%D0%98%D0%BB%D1%8C%D1%8F_%D0%90%D0%BD%D0%B0%D1%82%D0%BE%D0%BB%D1%8C%D0%B5%D0%B2%D0%B8%D1%87"
841742,138,НЕСТЕРЕНКО,АНДРЕЙ,АЛЕКСЕЕВИЧ,"https://ru.wikipedia.org/wiki/%D0%9D%D0%B5%D1%81%D1%82%D0%B5%D1%80%D0%B5%D0%BD%D0%BA%D0%BE,_%D0%90%D0%BD%D0%B4%D1%80%D0%B5%D0%B9_%D0%90%D0%BB%D0%B5%D0%BA%D1%81%D0%B5%D0%B5%D0%B2%D0%B8%D1%87"
833811,139,НЕЧАЕВ,СЕРГЕЙ,ЮРЬЕВИЧ,"https://ru.wikipedia.org/wiki/%D0%9D%D0%B5%D1%87%D0%B0%D0%B5%D0%B2,_%D0%A1%D0%B5%D1%80%D0%B3%D0%B5%D0%B9_%D0%AE%D1%80%D1%8C%D0%B5%D0%B2%D0%B8%D1%87_(%D0%B4%D0%B8%D0%BF%D0%BB%D0%BE%D0%BC%D0%B0%D1%82)"
837090,140,НОВИКОВ,АЛЕКСЕЙ,АЛЕКСЕЕВИЧ,"https://ru.wikipedia.org/wiki/%D0%9D%D0%BE%D0%B2%D0%B8%D0%BA%D0%BE%D0%B2,_%D0%90%D0%BB%D0%B5%D0%BA%D1%81%D0%B5%D0%B9_%D0%90%D0%BB%D0%B5%D0%BA%D1%81%D0%B5%D0%B5%D0%B2%D0%B8%D1%87"
839263,279,НОЗДРЕВ,НИКОЛАЙ,СТАНИСЛАВОВИЧ,"https://ru.wikipedia.org/wiki/%D0%9D%D0%BE%D0%B7%D0%B4%D1%80%D0%B5%D0%B2,_%D0%9D%D0%B8%D0%BA%D0%BE%D0%BB%D0%B0%D0%B9_%D0%A1%D1%82%D0%B0%D0%BD%D0%B8%D1%81%D0%BB%D0%B0%D0%B2%D0%BE%D0%B2%D0%B8%D1%87"
1722317,280,НОСКОВ,МИХАИЛ,ВИКТОРОВИЧ,"https://ru.wikipedia.org/wiki/%D0%9D%D0%BE%D1%81%D0%BA%D0%BE%D0%B2,_%D0%9C%D0%B8%D1%85%D0%B0%D0%B8%D0%BB_%D0%92%D0%B8%D0%BA%D1%82%D0%BE%D1%80%D0%BE%D0%B2%D0%B8%D1%87"
841195,141,НУРИЗАДЕ,АЛЕКСАНДР,БЕЮКОВИЧ,"https://ru.wikipedia.org/wiki/%D0%9D%D1%83%D1%80%D0%B8%D0%B7%D0%B0%D0%B4%D0%B5,_%D0%90%D0%BB%D0%B5%D0%BA%D1%81%D0%B0%D0%BD%D0%B4%D1%80_%D0%91%D0%B5%D1%8E%D0%BA%D0%BE%D0%B2%D0%B8%D1%87"
63632,142,ОВЕЧКО,ГЕННАДИЙ,АЛЕКСЕЕВИЧ,"https://ru.wikipedia.org/wiki/%D0%9E%D0%B2%D0%B5%D1%87%D0%BA%D0%BE,_%D0%93%D0%B5%D0%BD%D0%BD%D0%B0%D0%B4%D0%B8%D0%B9_%D0%90%D0%BB%D0%B5%D0%BA%D1%81%D0%B5%D0%B5%D0%B2%D0%B8%D1%87"
842714,143,ОВЧИННИКОВ,АЛЕКСЕЙ,МИХАЙЛОВИЧ,"https://ru.wikipedia.org/wiki/%D0%9E%D0%B2%D1%87%D0%B8%D0%BD%D0%BD%D0%B8%D0%BA%D0%BE%D0%B2,_%D0%90%D0%BB%D0%B5%D0%BA%D1%81%D0%B5%D0%B9_%D0%9C%D0%B8%D1%85%D0%B0%D0%B9%D0%BB%D0%BE%D0%B2%D0%B8%D1%87"
1722058,144,ОЗЕРОВ,ОЛЕГ,БОРИСОВИЧ,"https://ru.wikipedia.org/wiki/%D0%9E%D0%B7%D0%B5%D1%80%D0%BE%D0%B2,_%D0%9E%D0%BB%D0%B5%D0%B3_%D0%91%D0%BE%D1%80%D0%B8%D1%81%D0%BE%D0%B2%D0%B8%D1%87"
1722060,283,ПАВЛОВ,МАРАТ,ИГНАТЬЕВИЧ,"https://ru.wikipedia.org/wiki/%D0%9F%D0%B0%D0%B2%D0%BB%D0%BE%D0%B2,_%D0%9C%D0%B0%D1%80%D0%B0%D1%82_%D0%98%D0%B3%D0%BD%D0%B0%D1%82%D1%8C%D0%B5%D0%B2%D0%B8%D1%87"
845796,146,ПАВЛОВСКИЙ,АЛЕКСЕЙ,ВИКТОРОВИЧ,"https://ru.wikipedia.org/wiki/%D0%9F%D0%B0%D0%B2%D0%BB%D0%BE%D0%B2%D1%81%D0%BA%D0%B8%D0%B9,_%D0%90%D0%BB%D0%B5%D0%BA%D1%81%D0%B5%D0%B9_%D0%92%D0%B8%D0%BA%D1%82%D0%BE%D1%80%D0%BE%D0%B2%D0%B8%D1%87"
1722063,148,ПАРАМОНОВ,АЛЕКСЕЙ,ВЛАДИМИРОВИЧ,"https://ru.wikipedia.org/wiki/%D0%9F%D0%B0%D1%80%D0%B0%D0%BC%D0%BE%D0%BD%D0%BE%D0%B2,_%D0%90%D0%BB%D0%B5%D0%BA%D1%81%D0%B5%D0%B9_%D0%92%D0%BB%D0%B0%D0%B4%D0%B8%D0%BC%D0%B8%D1%80%D0%BE%D0%B2%D0%B8%D1%87"
1721900,149,ПЕТРАКОВ,МИХАИЛ,ИВАНОВИЧ,"https://ru.wikipedia.org/wiki/%D0%9F%D0%B5%D1%82%D1%80%D0%B0%D0%BA%D0%BE%D0%B2,_%D0%9C%D0%B8%D1%85%D0%B0%D0%B8%D0%BB_%D0%98%D0%B2%D0%B0%D0%BD%D0%BE%D0%B2%D0%B8%D1%87"
1722065,286,ПЕТРЕНКО,ОЛЕГ,ВЛАДИМИРОВИЧ,"https://ru.wikipedia.org/wiki/%D0%9F%D0%B5%D1%82%D1%80%D0%B5%D0%BD%D0%BA%D0%BE,_%D0%9E%D0%BB%D0%B5%D0%B3_%D0%92%D0%BB%D0%B0%D0%B4%D0%B8%D0%BC%D0%B8%D1%80%D0%BE%D0%B2%D0%B8%D1%87"
843103,151,ПЕТРОВИЧ,СЕРГЕЙ,СВЯТОСЛАВОВИЧ,"https://ru.wikipedia.org/wiki/%D0%9F%D0%B5%D1%82%D1%80%D0%BE%D0%B2%D0%B8%D1%87,_%D0%A1%D0%B5%D1%80%D0%B3%D0%B5%D0%B9_%D0%A1%D0%B2%D1%8F%D1%82%D0%BE%D1%81%D0%BB%D0%B0%D0%B2%D0%BE%D0%B2%D0%B8%D1%87"
1721901,152,ПИЛИПСОН,ЮРИЙ,ВАЛЕНТИНОВИЧ,"https://ru.wikipedia.org/wiki/%D0%9F%D0%B8%D0%BB%D0%B8%D0%BF%D1%81%D0%BE%D0%BD,_%D0%AE%D1%80%D0%B8%D0%B9_%D0%92%D0%B0%D0%BB%D0%B5%D0%BD%D1%82%D0%B8%D0%BD%D0%BE%D0%B2%D0%B8%D1%87"
1722067,153,ПИСАРЕВ,АЛЕКСАНДР,БОРИСОВИЧ,"https://ru.wikipedia.org/wiki/%D0%9F%D0%B8%D1%81%D0%B0%D1%80%D0%B5%D0%B2,_%D0%90%D0%BB%D0%B5%D0%BA%D1%81%D0%B0%D0%BD%D0%B4%D1%80_%D0%91%D0%BE%D1%80%D0%B8%D1%81%D0%BE%D0%B2%D0%B8%D1%87"
1721905,154,ПОДЪЁЛЫШЕВ,АНДРЕЙ,ЛЕОНИДОВИЧ,"https://ru.wikipedia.org/wiki/%D0%9F%D0%BE%D0%B4%D1%8A%D1%91%D0%BB%D1%8B%D1%88%D0%B5%D0%B2,_%D0%90%D0%BD%D0%B4%D1%80%D0%B5%D0%B9_%D0%9B%D0%B5%D0%BE%D0%BD%D0%B8%D0%B4%D0%BE%D0%B2%D0%B8%D1%87"
837476,156,ПОЛЯКОВ,АЛЕКСАНДР,ДМИТРИЕВИЧ,"https://ru.wikipedia.org/wiki/%D0%9F%D0%BE%D0%BB%D1%8F%D0%BA%D0%BE%D0%B2,_%D0%90%D0%BB%D0%B5%D0%BA%D1%81%D0%B0%D0%BD%D0%B4%D1%80_%D0%94%D0%BC%D0%B8%D1%82%D1%80%D0%B8%D0%B5%D0%B2%D0%B8%D1%87"
836110,157,ПОЛЯНСКИЙ,ДМИТРИЙ,АЛЕКСЕЕВИЧ,"https://ru.wikipedia.org/wiki/%D0%9F%D0%BE%D0%BB%D1%8F%D0%BD%D1%81%D0%BA%D0%B8%D0%B9,_%D0%94%D0%BC%D0%B8%D1%82%D1%80%D0%B8%D0%B9_%D0%90%D0%BB%D0%B5%D0%BA%D1%81%D0%B5%D0%B5%D0%B2%D0%B8%D1%87"
1722451,570,ПОПОВ,ИГОРЬ,ВИТАЛЬЕВИЧ,"https://ru.wikipedia.org/wiki/%D0%9F%D0%BE%D0%BF%D0%BE%D0%B2,_%D0%98%D0%B3%D0%BE%D1%80%D1%8C_%D0%92%D0%B8%D1%82%D0%B0%D0%BB%D1%8C%D0%B5%D0%B2%D0%B8%D1%87"
1722320,289,ПОПОВ,АЛЕКСЕЙ,ВЛАДИМИРОВИЧ,"https://ru.wikipedia.org/wiki/%D0%9F%D0%BE%D0%BF%D0%BE%D0%B2,_%D0%90%D0%BB%D0%B5%D0%BA%D1%81%D0%B5%D0%B9_%D0%92%D0%BB%D0%B0%D0%B4%D0%B8%D0%BC%D0%B8%D1%80%D0%BE%D0%B2%D0%B8%D1%87"
1721906,158,ПРИЦЕПОВ,АНДРЕЙ,АНАТОЛЬЕВИЧ,"https://ru.wikipedia.org/wiki/%D0%9F%D1%80%D0%B8%D1%86%D0%B5%D0%BF%D0%BE%D0%B2,_%D0%90%D0%BD%D0%B4%D1%80%D0%B5%D0%B9_%D0%90%D0%BD%D0%B0%D1%82%D0%BE%D0%BB%D1%8C%D0%B5%D0%B2%D0%B8%D1%87"
1722454,574,ПРОХОРОВ,ВЛАДИМИР,НИКОЛАЕВИЧ,"https://ru.wikipedia.org/wiki/%D0%9F%D1%80%D0%BE%D1%85%D0%BE%D1%80%D0%BE%D0%B2,_%D0%92%D0%BB%D0%B0%D0%B4%D0%B8%D0%BC%D0%B8%D1%80_%D0%9D%D0%B8%D0%BA%D0%BE%D0%BB%D0%B0%D0%B5%D0%B2%D0%B8%D1%87"
837335,159,РАМИШВИЛИ,ТЕЙМУРАЗ,ОТАРОВИЧ,"https://ru.wikipedia.org/wiki/%D0%A0%D0%B0%D0%BC%D0%B8%D1%88%D0%B2%D0%B8%D0%BB%D0%B8,_%D0%A2%D0%B5%D0%B9%D0%BC%D1%83%D1%80%D0%B0%D0%B7_%D0%9E%D1%82%D0%B0%D1%80%D0%BE%D0%B2%D0%B8%D1%87"
1721912,295,РЕЩИКОВ,СЕРГЕЙ,ЮРЬЕВИЧ,"https://ru.wikipedia.org/wiki/%D0%A0%D0%B5%D1%89%D0%B8%D0%BA%D0%BE%D0%B2,_%D0%A1%D0%B5%D1%80%D0%B3%D0%B5%D0%B9_%D0%AE%D1%80%D1%8C%D0%B5%D0%B2%D0%B8%D1%87"
1721913,160,РОГАЧЕВ,ИЛЬЯ,ИГОРЕВИЧ,"https://ru.wikipedia.org/wiki/%D0%A0%D0%BE%D0%B3%D0%B0%D1%87%D0%B5%D0%B2,_%D0%98%D0%BB%D1%8C%D1%8F_%D0%98%D0%B3%D0%BE%D1%80%D0%B5%D0%B2%D0%B8%D1%87"
834728,161,РОМАНЧЕНКО,ИГОРЬ,ВЛАДИМИРОВИЧ,"https://ru.wikipedia.org/wiki/%D0%A0%D0%BE%D0%BC%D0%B0%D0%BD%D1%87%D0%B5%D0%BD%D0%BA%D0%BE,_%D0%98%D0%B3%D0%BE%D1%80%D1%8C_%D0%92%D0%BB%D0%B0%D0%B4%D0%B8%D0%BC%D0%B8%D1%80%D0%BE%D0%B2%D0%B8%D1%87"
837763,162,РУДАКОВ,АЛЕКСАНДР,НИКОЛАЕВИЧ,"https://ru.wikipedia.org/wiki/%D0%A0%D1%83%D0%B4%D0%B0%D0%BA%D0%BE%D0%B2,_%D0%90%D0%BB%D0%B5%D0%BA%D1%81%D0%B0%D0%BD%D0%B4%D1%80_%D0%9D%D0%B8%D0%BA%D0%BE%D0%BB%D0%B0%D0%B5%D0%B2%D0%B8%D1%87"
1722069,297,САЛТЫКОВ,АЛЕКСЕЙ,ЭДУАРДОВИЧ,"https://ru.wikipedia.org/wiki/%D0%A1%D0%B0%D0%BB%D1%82%D1%8B%D0%BA%D0%BE%D0%B2,_%D0%90%D0%BB%D0%B5%D0%BA%D1%81%D0%B5%D0%B9_%D0%AD%D0%B4%D1%83%D0%B0%D1%80%D0%B4%D0%BE%D0%B2%D0%B8%D1%87"
838740,165,САФРОНКОВ,ВЛАДИМИР,КАРПОВИЧ,"https://ru.wikipedia.org/wiki/%D0%A1%D0%B0%D1%84%D1%80%D0%BE%D0%BD%D0%BA%D0%BE%D0%B2,_%D0%92%D0%BB%D0%B0%D0%B4%D0%B8%D0%BC%D0%B8%D1%80_%D0%9A%D0%B0%D1%80%D0%BF%D0%BE%D0%B2%D0%B8%D1%87"
1721923,166,СЕМИВОЛОС,ВЛАДЛЕН,СТАНИСЛАВОВИЧ,"https://ru.wikipedia.org/wiki/%D0%A1%D0%B5%D0%BC%D0%B8%D0%B2%D0%BE%D0%BB%D0%BE%D1%81,_%D0%92%D0%BB%D0%B0%D0%B4%D0%BB%D0%B5%D0%BD_%D0%A1%D1%82%D0%B0%D0%BD%D0%B8%D1%81%D0%BB%D0%B0%D0%B2%D0%BE%D0%B2%D0%B8%D1%87"
843788,167,СЕНТЕБОВ,АЛЕКСЕЙ,ЛЕОНИДОВИЧ,"https://ru.wikipedia.org/wiki/%D0%A1%D0%B5%D0%BD%D1%82%D0%B5%D0%B1%D0%BE%D0%B2,_%D0%90%D0%BB%D0%B5%D0%BA%D1%81%D0%B5%D0%B9_%D0%9B%D0%B5%D0%BE%D0%BD%D0%B8%D0%B4%D0%BE%D0%B2%D0%B8%D1%87"
1722326,300,СЕРЕДИН,АЛЕКСЕЙ,ВИКТОРОВИЧ,"https://ru.wikipedia.org/wiki/%D0%A1%D0%B5%D1%80%D0%B5%D0%B4%D0%B8%D0%BD,_%D0%90%D0%BB%D0%B5%D0%BA%D1%81%D0%B5%D0%B9_%D0%92%D0%B8%D0%BA%D1%82%D0%BE%D1%80%D0%BE%D0%B2%D0%B8%D1%87"
1721927,301,СКОСЫРЕВ,АЛЕКСЕЙ,ВЛАДИМИРОВИЧ,"https://ru.wikipedia.org/wiki/%D0%A1%D0%BA%D0%BE%D1%81%D1%8B%D1%80%D0%B5%D0%B2,_%D0%90%D0%BB%D0%B5%D0%BA%D1%81%D0%B5%D0%B9_%D0%92%D0%BB%D0%B0%D0%B4%D0%B8%D0%BC%D0%B8%D1%80%D0%BE%D0%B2%D0%B8%D1%87"
846085,169,СОКОЛЕНКО,ВЛАДИМИР,ГРИГОРЬЕВИЧ,"https://ru.wikipedia.org/wiki/%D0%A1%D0%BE%D0%BA%D0%BE%D0%BB%D0%B5%D0%BD%D0%BA%D0%BE,_%D0%92%D0%BB%D0%B0%D0%B4%D0%B8%D0%BC%D0%B8%D1%80_%D0%93%D1%80%D0%B8%D0%B3%D0%BE%D1%80%D1%8C%D0%B5%D0%B2%D0%B8%D1%87"
1722469,606,СОКОЛОВ,АНАТОЛИЙ,ВИКТОРОВИЧ,"https://ru.wikipedia.org/wiki/%D0%A1%D0%BE%D0%BA%D0%BE%D0%BB%D0%BE%D0%B2,_%D0%90%D0%BD%D0%B0%D1%82%D0%BE%D0%BB%D0%B8%D0%B9_%D0%92%D0%B8%D0%BA%D1%82%D0%BE%D1%80%D0%BE%D0%B2%D0%B8%D1%87"
836412,302,СОКОЛОВ,АЛЕКСЕЙ,АНАТОЛЬЕВИЧ,"https://ru.wikipedia.org/wiki/%D0%A1%D0%BE%D0%BA%D0%BE%D0%BB%D0%BE%D0%B2,_%D0%90%D0%BB%D0%B5%D0%BA%D1%81%D0%B5%D0%B9_%D0%90%D0%BD%D0%B0%D1%82%D0%BE%D0%BB%D1%8C%D0%B5%D0%B2%D0%B8%D1%87"
840009,170,СОЛОМАТИН,АЛЕКСЕЙ,ВЛАДИМИРОВИЧ,"https://ru.wikipedia.org/wiki/%D0%A1%D0%BE%D0%BB%D0%BE%D0%BC%D0%B0%D1%82%D0%B8%D0%BD,_%D0%90%D0%BB%D0%B5%D0%BA%D1%81%D0%B5%D0%B9_%D0%92%D0%BB%D0%B0%D0%B4%D0%B8%D0%BC%D0%B8%D1%80%D0%BE%D0%B2%D0%B8%D1%87"
838236,171,СОЛТАНОВСКИЙ,ИВАН,ДМИТРИЕВИЧ,"https://ru.wikipedia.org/wiki/%D0%A1%D0%BE%D0%BB%D1%82%D0%B0%D0%BD%D0%BE%D0%B2%D1%81%D0%BA%D0%B8%D0%B9,_%D0%98%D0%B2%D0%B0%D0%BD_%D0%94%D0%BC%D0%B8%D1%82%D1%80%D0%B8%D0%B5%D0%B2%D0%B8%D1%87"
836951,172,СОРОКИН,ВИКТОР,АЛЕКСАНДРОВИЧ,"https://ru.wikipedia.org/wiki/%D0%A1%D0%BE%D1%80%D0%BE%D0%BA%D0%B8%D0%BD,_%D0%92%D0%B8%D0%BA%D1%82%D0%BE%D1%80_%D0%90%D0%BB%D0%B5%D0%BA%D1%81%D0%B0%D0%BD%D0%B4%D1%80%D0%BE%D0%B2%D0%B8%D1%87"
1721929,173,СОФИНСКИЙ,НИКОЛАЙ,ВСЕВОЛОДОВИЧ,"https://ru.wikipedia.org/wiki/%D0%A1%D0%BE%D1%84%D0%B8%D0%BD%D1%81%D0%BA%D0%B8%D0%B9,_%D0%9D%D0%B8%D0%BA%D0%BE%D0%BB%D0%B0%D0%B9_%D0%92%D1%81%D0%B5%D0%B2%D0%BE%D0%BB%D0%BE%D0%B4%D0%BE%D0%B2%D0%B8%D1%87"
839973,174,СПРИНЧАН,ВЛАДИМИР,ИВАНОВИЧ,"https://ru.wikipedia.org/wiki/%D0%A1%D0%BF%D1%80%D0%B8%D0%BD%D1%87%D0%B0%D0%BD,_%D0%92%D0%BB%D0%B0%D0%B4%D0%B8%D0%BC%D0%B8%D1%80_%D0%98%D0%B2%D0%B0%D0%BD%D0%BE%D0%B2%D0%B8%D1%87"
844095,175,СТАНИСЛАВОВ,ЕВГЕНИЙ,АРНОЛЬДОВИЧ,"https://ru.wikipedia.org/wiki/%D0%A1%D1%82%D0%B0%D0%BD%D0%B8%D1%81%D0%BB%D0%B0%D0%B2%D0%BE%D0%B2,_%D0%95%D0%B2%D0%B3%D0%B5%D0%BD%D0%B8%D0%B9_%D0%90%D1%80%D0%BD%D0%BE%D0%BB%D1%8C%D0%B4%D0%BE%D0%B2%D0%B8%D1%87"
844593,176,СТЕПАНОВ,ОЛЕГ,ВЛАДИМИРОВИЧ,"https://ru.wikipedia.org/wiki/%D0%A1%D1%82%D0%B5%D0%BF%D0%B0%D0%BD%D0%BE%D0%B2,_%D0%9E%D0%BB%D0%B5%D0%B3_%D0%92%D0%BB%D0%B0%D0%B4%D0%B8%D0%BC%D0%B8%D1%80%D0%BE%D0%B2%D0%B8%D1%87"
1721930,177,СТЕРНИК,АЛЕКСАНДР,ВАДИМОВИЧ,"https://ru.wikipedia.org/wiki/%D0%A1%D1%82%D0%B5%D1%80%D0%BD%D0%B8%D0%BA,_%D0%90%D0%BB%D0%B5%D0%BA%D1%81%D0%B0%D0%BD%D0%B4%D1%80_%D0%92%D0%B0%D0%B4%D0%B8%D0%BC%D0%BE%D0%B2%D0%B8%D1%87"
1722474,612,СТОЛЯРОВ,АНДРЕЙ,ИВАНОВИЧ,"https://ru.wikipedia.org/wiki/%D0%A1%D1%82%D0%BE%D0%BB%D1%8F%D1%80%D0%BE%D0%B2,_%D0%90%D0%BD%D0%B4%D1%80%D0%B5%D0%B9_%D0%98%D0%B2%D0%B0%D0%BD%D0%BE%D0%B2%D0%B8%D1%87"
844677,179,СУРИКОВ,АЛЕКСАНДР,ВАСИЛЬЕВИЧ,"https://ru.wikipedia.org/wiki/%D0%A1%D1%83%D1%80%D0%B8%D0%BA%D0%BE%D0%B2,_%D0%90%D0%BB%D0%B5%D0%BA%D1%81%D0%B0%D0%BD%D0%B4%D1%80_%D0%92%D0%B0%D1%81%D0%B8%D0%BB%D1%8C%D0%B5%D0%B2%D0%B8%D1%87"
1201672,616,СУРОВЦЕВ,АЛЕКСЕЙ,ВЛАДИМИРОВИЧ,"https://ru.wikipedia.org/wiki/%D0%A1%D1%83%D1%80%D0%BE%D0%B2%D1%86%D0%B5%D0%B2,_%D0%90%D0%BB%D0%B5%D0%BA%D1%81%D0%B5%D0%B9_%D0%92%D0%BB%D0%B0%D0%B4%D0%B8%D0%BC%D0%B8%D1%80%D0%BE%D0%B2%D0%B8%D1%87"
839914,180,ТАВДУМАДЗЕ,НИКОЛАЙ,КАРЛОВИЧ,"https://ru.wikipedia.org/wiki/%D0%A2%D0%B0%D0%B2%D0%B4%D1%83%D0%BC%D0%B0%D0%B4%D0%B7%D0%B5,_%D0%9D%D0%B8%D0%BA%D0%BE%D0%BB%D0%B0%D0%B9_%D0%9A%D0%B0%D1%80%D0%BB%D0%BE%D0%B2%D0%B8%D1%87"
1722298,181,ТАРАБРИН,ВЛАДИМИР,ЕВГЕНЬЕВИЧ,"https://ru.wikipedia.org/wiki/%D0%A2%D0%B0%D1%80%D0%B0%D0%B1%D1%80%D0%B8%D0%BD,_%D0%92%D0%BB%D0%B0%D0%B4%D0%B8%D0%BC%D0%B8%D1%80_%D0%95%D0%B2%D0%B3%D0%B5%D0%BD%D1%8C%D0%B5%D0%B2%D0%B8%D1%87"
843326,182,ТАРАРОВ,ВЛАДИМИР,НИКОЛАЕВИЧ,"https://ru.wikipedia.org/wiki/%D0%A2%D0%B0%D1%80%D0%B0%D1%80%D0%BE%D0%B2,_%D0%92%D0%BB%D0%B0%D0%B4%D0%B8%D0%BC%D0%B8%D1%80_%D0%9D%D0%B8%D0%BA%D0%BE%D0%BB%D0%B0%D0%B5%D0%B2%D0%B8%D1%87"
841280,183,ТАТАРИНЦЕВ,ВИКТОР,ИВАНОВИЧ,"https://ru.wikipedia.org/wiki/%D0%A2%D0%B0%D1%82%D0%B0%D1%80%D0%B8%D0%BD%D1%86%D0%B5%D0%B2,_%D0%92%D0%B8%D0%BA%D1%82%D0%BE%D1%80_%D0%98%D0%B2%D0%B0%D0%BD%D0%BE%D0%B2%D0%B8%D1%87"
844851,184,ТЕРЕХИН,ЕВГЕНИЙ,ЕВГЕНЬЕВИЧ,"https://ru.wikipedia.org/wiki/%D0%A2%D0%B5%D1%80%D0%B5%D1%85%D0%B8%D0%BD,_%D0%95%D0%B2%D0%B3%D0%B5%D0%BD%D0%B8%D0%B9_%D0%95%D0%B2%D0%B3%D0%B5%D0%BD%D1%8C%D0%B5%D0%B2%D0%B8%D1%87"
1721938,305,ТИХАЗЕ,КАРЛ,КАРЛОВИЧ,"https://ru.wikipedia.org/wiki/%D0%A2%D0%B8%D1%85%D0%B0%D0%B7%D0%B5,_%D0%9A%D0%B0%D1%80%D0%BB_%D0%9A%D0%B0%D1%80%D0%BB%D0%BE%D0%B2%D0%B8%D1%87"
1722299,186,ТКАЧЕНКО,ВСЕВОЛОД,ИГОРЕВИЧ,"https://ru.wikipedia.org/wiki/%D0%A2%D0%BA%D0%B0%D1%87%D0%B5%D0%BD%D0%BA%D0%BE,_%D0%92%D1%81%D0%B5%D0%B2%D0%BE%D0%BB%D0%BE%D0%B4_%D0%98%D0%B3%D0%BE%D1%80%D0%B5%D0%B2%D0%B8%D1%87"
1721939,187,ТОДУА,ГЕОРГИЙ,ВЛАДИМИРОВИЧ,"https://ru.wikipedia.org/wiki/%D0%A2%D0%BE%D0%B4%D1%83%D0%B0,_%D0%93%D0%B5%D0%BE%D1%80%D0%B3%D0%B8%D0%B9_%D0%92%D0%BB%D0%B0%D0%B4%D0%B8%D0%BC%D0%B8%D1%80%D0%BE%D0%B2%D0%B8%D1%87"
835732,188,ТОКОВИНИН,АЛЕКСАНДР,АВРЕЛЬЕВИЧ,"https://ru.wikipedia.org/wiki/%D0%A2%D0%BE%D0%BA%D0%BE%D0%B2%D0%B8%D0%BD%D0%B8%D0%BD,_%D0%90%D0%BB%D0%B5%D0%BA%D1%81%D0%B0%D0%BD%D0%B4%D1%80_%D0%90%D0%B2%D1%80%D0%B5%D0%BB%D1%8C%D0%B5%D0%B2%D0%B8%D1%87"
834675,307,ТОЛЧЕНОВ,СЕРГЕЙ,ГЕННАДЬЕВИЧ,"https://ru.wikipedia.org/wiki/%D0%A2%D0%BE%D0%BB%D1%87%D0%B5%D0%BD%D0%BE%D0%B2,_%D0%A1%D0%B5%D1%80%D0%B3%D0%B5%D0%B9_%D0%93%D0%B5%D0%BD%D0%BD%D0%B0%D0%B4%D1%8C%D0%B5%D0%B2%D0%B8%D1%87"
835659,189,ТОМИХИН,ЕВГЕНИЙ,ЮРЬЕВИЧ,"https://ru.wikipedia.org/wiki/%D0%A2%D0%BE%D0%BC%D0%B8%D1%85%D0%B8%D0%BD,_%D0%95%D0%B2%D0%B3%D0%B5%D0%BD%D0%B8%D0%B9_%D0%AE%D1%80%D1%8C%D0%B5%D0%B2%D0%B8%D1%87"
1722327,308,ТРОФИМОВ,ДМИТРИЙ,АЛЕКСАНДРОВИЧ,"https://ru.wikipedia.org/wiki/%D0%A2%D1%80%D0%BE%D1%84%D0%B8%D0%BC%D0%BE%D0%B2,_%D0%94%D0%BC%D0%B8%D1%82%D1%80%D0%B8%D0%B9_%D0%90%D0%BB%D0%B5%D0%BA%D1%81%D0%B0%D0%BD%D0%B4%D1%80%D0%BE%D0%B2%D0%B8%D1%87"
1721944,190,ТЯПКИН,ОЛЕГ,НИКОЛАЕВИЧ,"https://ru.wikipedia.org/wiki/%D0%A2%D1%8F%D0%BF%D0%BA%D0%B8%D0%BD,_%D0%9E%D0%BB%D0%B5%D0%B3_%D0%9D%D0%B8%D0%BA%D0%BE%D0%BB%D0%B0%D0%B5%D0%B2%D0%B8%D1%87"
844585,191,УДОВИЧЕНКО,НИКОЛАЙ,НИКОЛАЕВИЧ,"https://ru.wikipedia.org/wiki/%D0%A3%D0%B4%D0%BE%D0%B2%D0%B8%D1%87%D0%B5%D0%BD%D0%BA%D0%BE,_%D0%9D%D0%B8%D0%BA%D0%BE%D0%BB%D0%B0%D0%B9_%D0%9D%D0%B8%D0%BA%D0%BE%D0%BB%D0%B0%D0%B5%D0%B2%D0%B8%D1%87"
838829,192,УЛЬЯНОВ,МИХАИЛ,ИВАНОВИЧ,"https://ru.wikipedia.org/wiki/%D0%A3%D0%BB%D1%8C%D1%8F%D0%BD%D0%BE%D0%B2,_%D0%9C%D0%B8%D1%85%D0%B0%D0%B8%D0%BB_%D0%98%D0%B2%D0%B0%D0%BD%D0%BE%D0%B2%D0%B8%D1%87"
1722480,632,УШАКОВ,АЛЕКСЕЙ,АНАТОЛЬЕВИЧ,"https://ru.wikipedia.org/wiki/%D0%A3%D1%88%D0%B0%D0%BA%D0%BE%D0%B2,_%D0%90%D0%BB%D0%B5%D0%BA%D1%81%D0%B5%D0%B9_%D0%90%D0%BD%D0%B0%D1%82%D0%BE%D0%BB%D1%8C%D0%B5%D0%B2%D0%B8%D1%87"
840276,193,ФЕОКТИСТОВ,ДМИТРИЙ,ВАЛЕРЬЕВИЧ,"https://ru.wikipedia.org/wiki/%D0%A4%D0%B5%D0%BE%D0%BA%D1%82%D0%B8%D1%81%D1%82%D0%BE%D0%B2,_%D0%94%D0%BC%D0%B8%D1%82%D1%80%D0%B8%D0%B9_%D0%92%D0%B0%D0%BB%D0%B5%D1%80%D1%8C%D0%B5%D0%B2%D0%B8%D1%87"
834900,194,ФИЛАТОВ,ЮРИЙ,АНАТОЛЬЕВИЧ,"https://ru.wikipedia.org/wiki/%D0%A4%D0%B8%D0%BB%D0%B0%D1%82%D0%BE%D0%B2,_%D0%AE%D1%80%D0%B8%D0%B9_%D0%90%D0%BD%D0%B0%D1%82%D0%BE%D0%BB%D1%8C%D0%B5%D0%B2%D0%B8%D1%87"
1722075,195,ХАКИМОВ,БАХТИЕР,МАРУФОВИЧ,"https://ru.wikipedia.org/wiki/%D0%A5%D0%B0%D0%BA%D0%B8%D0%BC%D0%BE%D0%B2,_%D0%91%D0%B0%D1%85%D1%82%D0%B8%D0%B5%D1%80_%D0%9C%D0%B0%D1%80%D1%83%D1%84%D0%BE%D0%B2%D0%B8%D1%87"
837479,196,ХОВАЕВ,ИГОРЬ,АНАТОЛЬЕВИЧ,"https://ru.wikipedia.org/wiki/%D0%A5%D0%BE%D0%B2%D0%B0%D0%B5%D0%B2,_%D0%98%D0%B3%D0%BE%D1%80%D1%8C_%D0%90%D0%BD%D0%B0%D1%82%D0%BE%D0%BB%D1%8C%D0%B5%D0%B2%D0%B8%D1%87"
1721951,644,ХОЗИН,АЛЕКСАНДР,ГРИГОРЬЕВИЧ,"https://ru.wikipedia.org/wiki/%D0%A5%D0%BE%D0%B7%D0%B8%D0%BD,_%D0%90%D0%BB%D0%B5%D0%BA%D1%81%D0%B0%D0%BD%D0%B4%D1%80_%D0%93%D1%80%D0%B8%D0%B3%D0%BE%D1%80%D1%8C%D0%B5%D0%B2%D0%B8%D1%87"
1721952,313,ХОРЕВ,АЛЬБЕРТ,ПАВЛОВИЧ,"https://ru.wikipedia.org/wiki/%D0%A5%D0%BE%D1%80%D0%B5%D0%B2,_%D0%90%D0%BB%D1%8C%D0%B1%D0%B5%D1%80%D1%82_%D0%9F%D0%B0%D0%B2%D0%BB%D0%BE%D0%B2%D0%B8%D1%87"
842497,198,ХОХОЛИКОВ,АЛЕКСАНДР,НИКОЛАЕВИЧ,"https://ru.wikipedia.org/wiki/%D0%A5%D0%BE%D1%85%D0%BE%D0%BB%D0%B8%D0%BA%D0%BE%D0%B2,_%D0%90%D0%BB%D0%B5%D0%BA%D1%81%D0%B0%D0%BD%D0%B4%D1%80_%D0%9D%D0%B8%D0%BA%D0%BE%D0%BB%D0%B0%D0%B5%D0%B2%D0%B8%D1%87"
835670,199,ЧАЛЬЯН,КАРЭН,ДРАСТАМАТОВИЧ,"https://ru.wikipedia.org/wiki/%D0%A7%D0%B0%D0%BB%D1%8C%D1%8F%D0%BD,_%D0%9A%D0%B0%D1%80%D1%8D%D0%BD_%D0%94%D1%80%D0%B0%D1%81%D1%82%D0%B0%D0%BC%D0%B0%D1%82%D0%BE%D0%B2%D0%B8%D1%87"
838368,200,ЧЕПИК,ГЕОРГИЙ,ЮРЬЕВИЧ,"https://ru.wikipedia.org/wiki/%D0%A7%D0%B5%D0%BF%D0%B8%D0%BA,_%D0%93%D0%B5%D0%BE%D1%80%D0%B3%D0%B8%D0%B9_%D0%AE%D1%80%D1%8C%D0%B5%D0%B2%D0%B8%D1%87"
1722076,649,ЧЕРНЕНКО,СЕРГЕЙ,ВЛАДИМИРОВИЧ,"https://ru.wikipedia.org/wiki/%D0%A7%D0%B5%D1%80%D0%BD%D0%B5%D0%BD%D0%BA%D0%BE,_%D0%A1%D0%B5%D1%80%D0%B3%D0%B5%D0%B9_%D0%92%D0%BB%D0%B0%D0%B4%D0%B8%D0%BC%D0%B8%D1%80%D0%BE%D0%B2%D0%B8%D1%87"
1722077,651,ЧЕРНОВОЛ,АНДРЕЙ,ГЕОРГИЕВИЧ,"https://ru.wikipedia.org/wiki/%D0%A7%D0%B5%D1%80%D0%BD%D0%BE%D0%B2%D0%BE%D0%BB,_%D0%90%D0%BD%D0%B4%D1%80%D0%B5%D0%B9_%D0%93%D0%B5%D0%BE%D1%80%D0%B3%D0%B8%D0%B5%D0%B2%D0%B8%D1%87"
837029,201,ШВЕДОВ,АНДРЕЙ,ВЛАДИМИРОВИЧ,"https://ru.wikipedia.org/wiki/%D0%A8%D0%B2%D0%B5%D0%B4%D0%BE%D0%B2,_%D0%90%D0%BD%D0%B4%D1%80%D0%B5%D0%B9_%D0%92%D0%BB%D0%B0%D0%B4%D0%B8%D0%BC%D0%B8%D1%80%D0%BE%D0%B2%D0%B8%D1%87"
834050,203,ШЕБАРШИН,АЛЕКСЕЙ,ЛЕОНИДОВИЧ,"https://ru.wikipedia.org/wiki/%D0%A8%D0%B5%D0%B1%D0%B0%D1%80%D1%88%D0%B8%D0%BD,_%D0%90%D0%BB%D0%B5%D0%BA%D1%81%D0%B5%D0%B9_%D0%9B%D0%B5%D0%BE%D0%BD%D0%B8%D0%B4%D0%BE%D0%B2%D0%B8%D1%87"
837194,204,ШУВАЕВ,ВАЛЕРЬЯН,ВЛАДИМИРОВИЧ,"https://ru.wikipedia.org/wiki/%D0%A8%D1%83%D0%B2%D0%B0%D0%B5%D0%B2,_%D0%92%D0%B0%D0%BB%D0%B5%D1%80%D1%8C%D1%8F%D0%BD_%D0%92%D0%BB%D0%B0%D0%B4%D0%B8%D0%BC%D0%B8%D1%80%D0%BE%D0%B2%D0%B8%D1%87"
1721962,205,ШУВАЛОВ,КОНСТАНТИН,ВИКТОРОВИЧ,"https://ru.wikipedia.org/wiki/%D0%A8%D1%83%D0%B2%D0%B0%D0%BB%D0%BE%D0%B2,_%D0%9A%D0%BE%D0%BD%D1%81%D1%82%D0%B0%D0%BD%D1%82%D0%B8%D0%BD_%D0%92%D0%B8%D0%BA%D1%82%D0%BE%D1%80%D0%BE%D0%B2%D0%B8%D1%87"
846335,206,ШУЛЬГИН,АЛЕКСАНДР,ВАСИЛЬЕВИЧ,"https://ru.wikipedia.org/wiki/%D0%A8%D1%83%D0%BB%D1%8C%D0%B3%D0%B8%D0%BD,_%D0%90%D0%BB%D0%B5%D0%BA%D1%81%D0%B0%D0%BD%D0%B4%D1%80_%D0%92%D0%B0%D1%81%D0%B8%D0%BB%D1%8C%D0%B5%D0%B2%D0%B8%D1%87"
1721963,319,ШУРГАЛИН,МИХАИЛ,АЛЕКСАНДРОВИЧ,"https://ru.wikipedia.org/wiki/%D0%A8%D1%83%D1%80%D0%B3%D0%B0%D0%BB%D0%B8%D0%BD,_%D0%9C%D0%B8%D1%85%D0%B0%D0%B8%D0%BB_%D0%90%D0%BB%D0%B5%D0%BA%D1%81%D0%B0%D0%BD%D0%B4%D1%80%D0%BE%D0%B2%D0%B8%D1%87"
1722079,207,ЩЕТИНИН,АЛЕКСАНДР,ВАЛЕНТИНОВИЧ,"https://ru.wikipedia.org/wiki/%D0%A9%D0%B5%D1%82%D0%B8%D0%BD%D0%B8%D0%BD,_%D0%90%D0%BB%D0%B5%D0%BA%D1%81%D0%B0%D0%BD%D0%B4%D1%80_%D0%92%D0%B0%D0%BB%D0%B5%D0%BD%D1%82%D0%B8%D0%BD%D0%BE%D0%B2%D0%B8%D1%87"
837524,320,ЭЙВАЗОВ,ТИМУР,РАФАИЛОВИЧ,"https://ru.wikipedia.org/wiki/%D0%AD%D0%B9%D0%B2%D0%B0%D0%B7%D0%BE%D0%B2,_%D0%A2%D0%B8%D0%BC%D1%83%D1%80_%D0%A0%D0%B0%D1%84%D0%B0%D0%B8%D0%BB%D0%BE%D0%B2%D0%B8%D1%87"
838553,209,ЯРАХМЕДОВ,АЗИМ,АЛАУДИНОВИЧ,"https://ru.wikipedia.org/wiki/%D0%AF%D1%80%D0%B0%D1%85%D0%BC%D0%B5%D0%B4%D0%BE%D0%B2,_%D0%90%D0%B7%D0%B8%D0%BC_%D0%90%D0%BB%D0%B0%D1%83%D0%B4%D0%B8%D0%BD%D0%BE%D0%B2%D0%B8%D1%87"
